C:\Users\smitj\repos\vv\vv-landing\vv-landing\app\(corporate)\corporate\page.tsx
C:\Users\smitj\repos\vv\vv-landing\vv-landing\app\(corporate)\corporate\register\page.tsx
C:\Users\smitj\repos\vv\vv-landing\vv-landing\app\(dashboard)\analytics\custom-dimensions\page.tsx
C:\Users\smitj\repos\vv\vv-landing\vv-landing\app\(dashboard)\analytics\funnel-guide\loading.tsx
C:\Users\smitj\repos\vv\vv-landing\vv-landing\app\(dashboard)\analytics\funnel-guide\page.tsx
C:\Users\smitj\repos\vv\vv-landing\vv-landing\app\(dashboard)\analytics\historical\page.tsx
C:\Users\smitj\repos\vv\vv-landing\vv-landing\app\(dashboard)\analytics\loading.tsx
C:\Users\smitj\repos\vv\vv-landing\vv-landing\app\(dashboard)\analytics\page.tsx
C:\Users\smitj\repos\vv\vv-landing\vv-landing\app\(dashboard)\analytics\reports\loading.tsx
C:\Users\smitj\repos\vv\vv-landing\vv-landing\app\(dashboard)\analytics\reports\page.tsx
C:\Users\smitj\repos\vv\vv-landing\vv-landing\app\(dashboard)\analytics\usage\loading.tsx
C:\Users\smitj\repos\vv\vv-landing\vv-landing\app\(dashboard)\analytics\usage\page.tsx
C:\Users\smitj\repos\vv\vv-landing\vv-landing\app\(dashboard)\analytics\verification\loading.tsx
C:\Users\smitj\repos\vv\vv-landing\vv-landing\app\(dashboard)\analytics\verification\page.tsx
C:\Users\smitj\repos\vv\vv-landing\vv-landing\app\(dashboard)\dashboard\loading.tsx
C:\Users\smitj\repos\vv\vv-landing\vv-landing\app\(dashboard)\dashboard\page.tsx
C:\Users\smitj\repos\vv\vv-landing\vv-landing\app\(dashboard)\flash-loans\page.tsx
C:\Users\smitj\repos\vv\vv-landing\vv-landing\app\(dashboard)\pools\[id]\page.tsx
C:\Users\smitj\repos\vv\vv-landing\vv-landing\app\(dashboard)\pools\page.tsx
C:\Users\smitj\repos\vv\vv-landing\vv-landing\app\(dashboard)\profile\page.tsx
C:\Users\smitj\repos\vv\vv-landing\vv-landing\app\(dashboard)\risk-assessment\page.tsx
C:\Users\smitj\repos\vv\vv-landing\vv-landing\app\(dashboard)\settings\page.tsx
C:\Users\smitj\repos\vv\vv-landing\vv-landing\app\(dashboard)\strategies\[id]\page.tsx
C:\Users\smitj\repos\vv\vv-landing\vv-landing\app\(dashboard)\strategies\manage\page.tsx
C:\Users\smitj\repos\vv\vv-landing\vv-landing\app\(dashboard)\strategies\page.tsx
C:\Users\smitj\repos\vv\vv-landing\vv-landing\app\(marketing)\layout.tsx
C:\Users\smitj\repos\vv\vv-landing\vv-landing\app\(standard)\layout.tsx
C:\Users\smitj\repos\vv\vv-landing\vv-landing\app\(standard)\metadata.tsx
C:\Users\smitj\repos\vv\vv-landing\vv-landing\app\(standard)\standard\login\page.tsx
C:\Users\smitj\repos\vv\vv-landing\vv-landing\app\(standard)\standard\page.tsx
C:\Users\smitj\repos\vv\vv-landing\vv-landing\app\(standard)\standard\register\page.tsx
C:\Users\smitj\repos\vv\vv-landing\vv-landing\app\admin\page.tsx
C:\Users\smitj\repos\vv\vv-landing\vv-landing\app\ai-features\page.tsx
C:\Users\smitj\repos\vv\vv-landing\vv-landing\app\api\activities\route.ts
C:\Users\smitj\repos\vv\vv-landing\vv-landing\app\api\ai\analyze-pools\route.ts
C:\Users\smitj\repos\vv\vv-landing\vv-landing\app\api\ai\generate-strategy\route.ts
C:\Users\smitj\repos\vv\vv-landing\vv-landing\app\api\ai\generate-visualization\route.ts
C:\Users\smitj\repos\vv\vv-landing\vv-landing\app\api\ai\risk-assessment\route.ts
C:\Users\smitj\repos\vv\vv-landing\vv-landing\app\api\ai\route.ts
C:\Users\smitj\repos\vv\vv-landing\vv-landing\app\api\analytics\route.ts
C:\Users\smitj\repos\vv\vv-landing\vv-landing\app\api\auth\[...nextauth]\route.ts
C:\Users\smitj\repos\vv\vv-landing\vv-landing\app\api\auth\github\callback\route.ts
C:\Users\smitj\repos\vv\vv-landing\vv-landing\app\api\auth\github\route.ts
C:\Users\smitj\repos\vv\vv-landing\vv-landing\app\api\auth\login\route.ts
C:\Users\smitj\repos\vv\vv-landing\vv-landing\app\api\content\[id]\route.ts
C:\Users\smitj\repos\vv\vv-landing\vv-landing\app\api\content\page\[page]\route.ts
C:\Users\smitj\repos\vv\vv-landing\vv-landing\app\api\content\route.ts
C:\Users\smitj\repos\vv\vv-landing\vv-landing\app\api\cron\sync\route.ts
C:\Users\smitj\repos\vv\vv-landing\vv-landing\app\api\dashboard\overview\route.ts
C:\Users\smitj\repos\vv\vv-landing\vv-landing\app\api\dashboard\performance\route.ts
C:\Users\smitj\repos\vv\vv-landing\vv-landing\app\api\defi-data\route.ts
C:\Users\smitj\repos\vv\vv-landing\vv-landing\app\api\events\route.ts
C:\Users\smitj\repos\vv\vv-landing\vv-landing\app\api\events\upcoming\route.ts
C:\Users\smitj\repos\vv\vv-landing\vv-landing\app\api\goldsky\historical-data\route.ts
C:\Users\smitj\repos\vv\vv-landing\vv-landing\app\api\goldsky\protocols\route.ts
C:\Users\smitj\repos\vv\vv-landing\vv-landing\app\api\investor-metrics\route.ts
C:\Users\smitj\repos\vv\vv-landing\vv-landing\app\api\liquidity-pools\[id]\performance\route.ts
C:\Users\smitj\repos\vv\vv-landing\vv-landing\app\api\liquidity-pools\[id]\route.ts
C:\Users\smitj\repos\vv\vv-landing\vv-landing\app\api\liquidity-pools\route.ts
C:\Users\smitj\repos\vv\vv-landing\vv-landing\app\api\market-data\route.ts
C:\Users\smitj\repos\vv\vv-landing\vv-landing\app\api\navigation\group\[group]\route.ts
C:\Users\smitj\repos\vv\vv-landing\vv-landing\app\api\navigation\route.ts
C:\Users\smitj\repos\vv\vv-landing\vv-landing\app\api\og\standard\route.tsx
C:\Users\smitj\repos\vv\vv-landing\vv-landing\app\api\portfolio\summary\route.ts
C:\Users\smitj\repos\vv\vv-landing\vv-landing\app\api\process-status\[id]\route.ts
C:\Users\smitj\repos\vv\vv-landing\vv-landing\app\api\profiles\me\route.ts
C:\Users\smitj\repos\vv\vv-landing\vv-landing\app\api\protocol-metrics\route.ts
C:\Users\smitj\repos\vv\vv-landing\vv-landing\app\api\risk-assessment\route.ts
C:\Users\smitj\repos\vv\vv-landing\vv-landing\app\api\send-email\route.ts
C:\Users\smitj\repos\vv\vv-landing\vv-landing\app\api\settings\[key]\route.ts
C:\Users\smitj\repos\vv\vv-landing\vv-landing\app\api\settings\route.ts
C:\Users\smitj\repos\vv\vv-landing\vv-landing\app\api\sync\route.ts
C:\Users\smitj\repos\vv\vv-landing\vv-landing\app\api\voting\active-proposals\route.ts
C:\Users\smitj\repos\vv\vv-landing\vv-landing\app\api\voting\overview\route.ts
C:\Users\smitj\repos\vv\vv-landing\vv-landing\app\api\voting\past-proposals\route.ts
C:\Users\smitj\repos\vv\vv-landing\vv-landing\app\api\voting\vote\route.ts
C:\Users\smitj\repos\vv\vv-landing\vv-landing\app\auth\callback\route.ts
C:\Users\smitj\repos\vv\vv-landing\vv-landing\app\auth\layout.tsx
C:\Users\smitj\repos\vv\vv-landing\vv-landing\app\auth\login\loading.tsx
C:\Users\smitj\repos\vv\vv-landing\vv-landing\app\auth\login\page.tsx
C:\Users\smitj\repos\vv\vv-landing\vv-landing\app\auth\register\page.tsx
C:\Users\smitj\repos\vv\vv-landing\vv-landing\app\auth\reset-password\page.tsx
C:\Users\smitj\repos\vv\vv-landing\vv-landing\app\auth\update-password\page.tsx
C:\Users\smitj\repos\vv\vv-landing\vv-landing\app\brand\page.tsx
C:\Users\smitj\repos\vv\vv-landing\vv-landing\app\compare\loading.tsx
C:\Users\smitj\repos\vv\vv-landing\vv-landing\app\compare\page.tsx
C:\Users\smitj\repos\vv\vv-landing\vv-landing\app\contact\page.tsx
C:\Users\smitj\repos\vv\vv-landing\vv-landing\app\corporate-version\about\page.tsx
C:\Users\smitj\repos\vv\vv-landing\vv-landing\app\corporate-version\careers\client.tsx
C:\Users\smitj\repos\vv\vv-landing\vv-landing\app\corporate-version\careers\page.tsx
C:\Users\smitj\repos\vv\vv-landing\vv-landing\app\corporate-version\client.tsx
C:\Users\smitj\repos\vv\vv-landing\vv-landing\app\corporate-version\compliance\client.tsx
C:\Users\smitj\repos\vv\vv-landing\vv-landing\app\corporate-version\compliance\page.tsx
C:\Users\smitj\repos\vv\vv-landing\vv-landing\app\corporate-version\compliance\whitepaper\page.tsx
C:\Users\smitj\repos\vv\vv-landing\vv-landing\app\corporate-version\contact\client.tsx
C:\Users\smitj\repos\vv\vv-landing\vv-landing\app\corporate-version\contact\page.tsx
C:\Users\smitj\repos\vv\vv-landing\vv-landing\app\corporate-version\cookies\client.tsx
C:\Users\smitj\repos\vv\vv-landing\vv-landing\app\corporate-version\cookies\page.tsx
C:\Users\smitj\repos\vv\vv-landing\vv-landing\app\corporate-version\demo\client.tsx
C:\Users\smitj\repos\vv\vv-landing\vv-landing\app\corporate-version\demo\page.tsx
C:\Users\smitj\repos\vv\vv-landing\vv-landing\app\corporate-version\forgot-password\client.tsx
C:\Users\smitj\repos\vv\vv-landing\vv-landing\app\corporate-version\forgot-password\page.tsx
C:\Users\smitj\repos\vv\vv-landing\vv-landing\app\corporate-version\layout.tsx
C:\Users\smitj\repos\vv\vv-landing\vv-landing\app\corporate-version\login\client.tsx
C:\Users\smitj\repos\vv\vv-landing\vv-landing\app\corporate-version\login\page.tsx
C:\Users\smitj\repos\vv\vv-landing\vv-landing\app\corporate-version\marketing\client.tsx
C:\Users\smitj\repos\vv\vv-landing\vv-landing\app\corporate-version\marketing\layout.tsx
C:\Users\smitj\repos\vv\vv-landing\vv-landing\app\corporate-version\marketing\loading.tsx
C:\Users\smitj\repos\vv\vv-landing\vv-landing\app\corporate-version\marketing\page.tsx
C:\Users\smitj\repos\vv\vv-landing\vv-landing\app\corporate-version\page.tsx
C:\Users\smitj\repos\vv\vv-landing\vv-landing\app\corporate-version\pricing\client.tsx
C:\Users\smitj\repos\vv\vv-landing\vv-landing\app\corporate-version\pricing\page.tsx
C:\Users\smitj\repos\vv\vv-landing\vv-landing\app\corporate-version\privacy\client.tsx
C:\Users\smitj\repos\vv\vv-landing\vv-landing\app\corporate-version\privacy\page.tsx
C:\Users\smitj\repos\vv\vv-landing\vv-landing\app\corporate-version\security\client.tsx
C:\Users\smitj\repos\vv\vv-landing\vv-landing\app\corporate-version\security\page.tsx
C:\Users\smitj\repos\vv\vv-landing\vv-landing\app\corporate-version\security\whitepaper\page.tsx
C:\Users\smitj\repos\vv\vv-landing\vv-landing\app\corporate-version\signup\client.tsx
C:\Users\smitj\repos\vv\vv-landing\vv-landing\app\corporate-version\signup\page.tsx
C:\Users\smitj\repos\vv\vv-landing\vv-landing\app\corporate-version\solutions\client.tsx
C:\Users\smitj\repos\vv\vv-landing\vv-landing\app\corporate-version\solutions\compliance\client.tsx
C:\Users\smitj\repos\vv\vv-landing\vv-landing\app\corporate-version\solutions\compliance\page.tsx
C:\Users\smitj\repos\vv\vv-landing\vv-landing\app\corporate-version\solutions\compliance\whitepaper\page.tsx
C:\Users\smitj\repos\vv\vv-landing\vv-landing\app\corporate-version\solutions\page.tsx
C:\Users\smitj\repos\vv\vv-landing\vv-landing\app\corporate-version\solutions\portfolio\client.tsx
C:\Users\smitj\repos\vv\vv-landing\vv-landing\app\corporate-version\solutions\portfolio\page.tsx
C:\Users\smitj\repos\vv\vv-landing\vv-landing\app\corporate-version\solutions\portfolio\whitepaper\page.tsx
C:\Users\smitj\repos\vv\vv-landing\vv-landing\app\corporate-version\solutions\risk\client.tsx
C:\Users\smitj\repos\vv\vv-landing\vv-landing\app\corporate-version\solutions\risk\page.tsx
C:\Users\smitj\repos\vv\vv-landing\vv-landing\app\corporate-version\solutions\risk\whitepaper\page.tsx
C:\Users\smitj\repos\vv\vv-landing\vv-landing\app\corporate-version\solutions\treasury\client.tsx
C:\Users\smitj\repos\vv\vv-landing\vv-landing\app\corporate-version\solutions\treasury\page.tsx
C:\Users\smitj\repos\vv\vv-landing\vv-landing\app\corporate-version\solutions\treasury\whitepaper\page.tsx
C:\Users\smitj\repos\vv\vv-landing\vv-landing\app\corporate-version\terms\client.tsx
C:\Users\smitj\repos\vv\vv-landing\vv-landing\app\corporate-version\terms\page.tsx
C:\Users\smitj\repos\vv\vv-landing\vv-landing\app\corporate\dashboard\admin\page.tsx
C:\Users\smitj\repos\vv\vv-landing\vv-landing\app\corporate\dashboard\ai-analytics\page.tsx
C:\Users\smitj\repos\vv\vv-landing\vv-landing\app\corporate\dashboard\analytics\page.tsx
C:\Users\smitj\repos\vv\vv-landing\vv-landing\app\corporate\dashboard\consumer\page.tsx
C:\Users\smitj\repos\vv\vv-landing\vv-landing\app\corporate\dashboard\events\page.tsx
C:\Users\smitj\repos\vv\vv-landing\vv-landing\app\corporate\dashboard\flash-loans\page.tsx
C:\Users\smitj\repos\vv\vv-landing\vv-landing\app\corporate\dashboard\layout.tsx
C:\Users\smitj\repos\vv\vv-landing\vv-landing\app\corporate\dashboard\loading.tsx
C:\Users\smitj\repos\vv\vv-landing\vv-landing\app\corporate\dashboard\market\page.tsx
C:\Users\smitj\repos\vv\vv-landing\vv-landing\app\corporate\dashboard\model-portfolio\page.tsx
C:\Users\smitj\repos\vv\vv-landing\vv-landing\app\corporate\dashboard\offchain\page.tsx
C:\Users\smitj\repos\vv\vv-landing\vv-landing\app\corporate\dashboard\onchain\page.tsx
C:\Users\smitj\repos\vv\vv-landing\vv-landing\app\corporate\dashboard\page.tsx
C:\Users\smitj\repos\vv\vv-landing\vv-landing\app\corporate\dashboard\performance\page.tsx
C:\Users\smitj\repos\vv\vv-landing\vv-landing\app\corporate\dashboard\portfolio\page.tsx
C:\Users\smitj\repos\vv\vv-landing\vv-landing\app\corporate\dashboard\risk-assessment\page.tsx
C:\Users\smitj\repos\vv\vv-landing\vv-landing\app\corporate\dashboard\strategies\page.tsx
C:\Users\smitj\repos\vv\vv-landing\vv-landing\app\corporate\dashboard\tezos-liquidity\page.tsx
C:\Users\smitj\repos\vv\vv-landing\vv-landing\app\corporate\dashboard\treasury\page.tsx
C:\Users\smitj\repos\vv\vv-landing\vv-landing\app\corporate\dashboard\voting\page.tsx
C:\Users\smitj\repos\vv\vv-landing\vv-landing\app\corporate\dashboard\watchlist\page.tsx
C:\Users\smitj\repos\vv\vv-landing\vv-landing\app\dashboard\protocols\page.tsx
C:\Users\smitj\repos\vv\vv-landing\vv-landing\app\demo-mode\page.tsx
C:\Users\smitj\repos\vv\vv-landing\vv-landing\app\demo\ClientPage.tsx
C:\Users\smitj\repos\vv\vv-landing\vv-landing\app\demo\landing\layout.tsx
C:\Users\smitj\repos\vv\vv-landing\vv-landing\app\demo\layout.tsx
C:\Users\smitj\repos\vv\vv-landing\vv-landing\app\demo\loading.tsx
C:\Users\smitj\repos\vv\vv-landing\vv-landing\app\hero-showcase\page.tsx
C:\Users\smitj\repos\vv\vv-landing\vv-landing\app\how-it-works\page.tsx
C:\Users\smitj\repos\vv\vv-landing\vv-landing\app\layout.tsx
C:\Users\smitj\repos\vv\vv-landing\vv-landing\app\login\client.tsx
C:\Users\smitj\repos\vv\vv-landing\vv-landing\app\login\page.tsx
C:\Users\smitj\repos\vv\vv-landing\vv-landing\app\page.tsx
C:\Users\smitj\repos\vv\vv-landing\vv-landing\app\standard-demo\landing\page.tsx
C:\Users\smitj\repos\vv\vv-landing\vv-landing\app\standard-demo\page.tsx
C:\Users\smitj\repos\vv\vv-landing\vv-landing\app\standard-version\dashboard\loading.tsx
C:\Users\smitj\repos\vv\vv-landing\vv-landing\app\standard-version\dashboard\page.tsx
C:\Users\smitj\repos\vv\vv-landing\vv-landing\app\standard-version\marketing\loading.tsx
C:\Users\smitj\repos\vv\vv-landing\vv-landing\app\standard-version\marketing\page.tsx
C:\Users\smitj\repos\vv\vv-landing\vv-landing\app\standard-version\page.tsx
C:\Users\smitj\repos\vv\vv-landing\vv-landing\app\whitepaper\page.tsx
C:\Users\smitj\repos\vv\vv-landing\vv-landing\apps\corporate-website\(corporate)\corporate\login\page.tsx
C:\Users\smitj\repos\vv\vv-landing\vv-landing\apps\corporate-website\(corporate)\corporate\page.tsx
C:\Users\smitj\repos\vv\vv-landing\vv-landing\apps\corporate-website\(corporate)\corporate\register\page.tsx
C:\Users\smitj\repos\vv\vv-landing\vv-landing\apps\corporate-website\(corporate)\metadata.tsx
C:\Users\smitj\repos\vv\vv-landing\vv-landing\apps\corporate-website\(dashboard)\analytics\custom-dimensions\loading.tsx
C:\Users\smitj\repos\vv\vv-landing\vv-landing\apps\corporate-website\(dashboard)\analytics\custom-dimensions\page.tsx
C:\Users\smitj\repos\vv\vv-landing\vv-landing\apps\corporate-website\(dashboard)\analytics\funnel-guide\loading.tsx
C:\Users\smitj\repos\vv\vv-landing\vv-landing\apps\corporate-website\(dashboard)\analytics\funnel-guide\page.tsx
C:\Users\smitj\repos\vv\vv-landing\vv-landing\apps\corporate-website\(dashboard)\analytics\historical\page.tsx
C:\Users\smitj\repos\vv\vv-landing\vv-landing\apps\corporate-website\(dashboard)\analytics\loading.tsx
C:\Users\smitj\repos\vv\vv-landing\vv-landing\apps\corporate-website\(dashboard)\analytics\page.tsx
C:\Users\smitj\repos\vv\vv-landing\vv-landing\apps\corporate-website\(dashboard)\analytics\reports\loading.tsx
C:\Users\smitj\repos\vv\vv-landing\vv-landing\apps\corporate-website\(dashboard)\analytics\reports\page.tsx
C:\Users\smitj\repos\vv\vv-landing\vv-landing\apps\corporate-website\(dashboard)\analytics\usage\loading.tsx
C:\Users\smitj\repos\vv\vv-landing\vv-landing\apps\corporate-website\(dashboard)\analytics\usage\page.tsx
C:\Users\smitj\repos\vv\vv-landing\vv-landing\apps\corporate-website\(dashboard)\analytics\verification\loading.tsx
C:\Users\smitj\repos\vv\vv-landing\vv-landing\apps\corporate-website\(dashboard)\analytics\verification\page.tsx
C:\Users\smitj\repos\vv\vv-landing\vv-landing\apps\corporate-website\(dashboard)\dashboard\loading.tsx
C:\Users\smitj\repos\vv\vv-landing\vv-landing\apps\corporate-website\(dashboard)\dashboard\page.tsx
C:\Users\smitj\repos\vv\vv-landing\vv-landing\apps\corporate-website\(dashboard)\flash-loans\page.tsx
C:\Users\smitj\repos\vv\vv-landing\vv-landing\apps\corporate-website\(dashboard)\layout.tsx
C:\Users\smitj\repos\vv\vv-landing\vv-landing\apps\corporate-website\(dashboard)\pools\[id]\page.tsx
C:\Users\smitj\repos\vv\vv-landing\vv-landing\apps\corporate-website\(dashboard)\pools\page.tsx
C:\Users\smitj\repos\vv\vv-landing\vv-landing\apps\corporate-website\(dashboard)\profile\page.tsx
C:\Users\smitj\repos\vv\vv-landing\vv-landing\apps\corporate-website\(dashboard)\risk-assessment\page.tsx
C:\Users\smitj\repos\vv\vv-landing\vv-landing\apps\corporate-website\(dashboard)\settings\page.tsx
C:\Users\smitj\repos\vv\vv-landing\vv-landing\apps\corporate-website\(dashboard)\strategies\[id]\page.tsx
C:\Users\smitj\repos\vv\vv-landing\vv-landing\apps\corporate-website\(dashboard)\strategies\manage\page.tsx
C:\Users\smitj\repos\vv\vv-landing\vv-landing\apps\corporate-website\(dashboard)\strategies\page.tsx
C:\Users\smitj\repos\vv\vv-landing\vv-landing\apps\corporate-website\(marketing)\layout.tsx
C:\Users\smitj\repos\vv\vv-landing\vv-landing\apps\corporate-website\(standard)\layout.tsx
C:\Users\smitj\repos\vv\vv-landing\vv-landing\apps\corporate-website\(standard)\metadata.tsx
C:\Users\smitj\repos\vv\vv-landing\vv-landing\apps\corporate-website\(standard)\standard\login\page.tsx
C:\Users\smitj\repos\vv\vv-landing\vv-landing\apps\corporate-website\(standard)\standard\page.tsx
C:\Users\smitj\repos\vv\vv-landing\vv-landing\apps\corporate-website\(standard)\standard\register\page.tsx
C:\Users\smitj\repos\vv\vv-landing\vv-landing\apps\corporate-website\actions\send-email.ts
C:\Users\smitj\repos\vv\vv-landing\vv-landing\apps\corporate-website\admin\page.tsx
C:\Users\smitj\repos\vv\vv-landing\vv-landing\apps\corporate-website\ai-features\page.tsx
C:\Users\smitj\repos\vv\vv-landing\vv-landing\apps\corporate-website\api\activities\recent\route.ts
C:\Users\smitj\repos\vv\vv-landing\vv-landing\apps\corporate-website\api\activities\route.ts
C:\Users\smitj\repos\vv\vv-landing\vv-landing\apps\corporate-website\api\ai\analyze-pools\route.ts
C:\Users\smitj\repos\vv\vv-landing\vv-landing\apps\corporate-website\api\ai\generate-strategy\route.ts
C:\Users\smitj\repos\vv\vv-landing\vv-landing\apps\corporate-website\api\ai\generate-visualization\route.ts
C:\Users\smitj\repos\vv\vv-landing\vv-landing\apps\corporate-website\api\ai\risk-assessment\route.ts
C:\Users\smitj\repos\vv\vv-landing\vv-landing\apps\corporate-website\api\ai\route.ts
C:\Users\smitj\repos\vv\vv-landing\vv-landing\apps\corporate-website\api\analytics\route.ts
C:\Users\smitj\repos\vv\vv-landing\vv-landing\apps\corporate-website\api\auth\[...nextauth]\route.ts
C:\Users\smitj\repos\vv\vv-landing\vv-landing\apps\corporate-website\api\auth\github\callback\route.ts
C:\Users\smitj\repos\vv\vv-landing\vv-landing\apps\corporate-website\api\auth\github\route.ts
C:\Users\smitj\repos\vv\vv-landing\vv-landing\apps\corporate-website\api\auth\login\route.ts
C:\Users\smitj\repos\vv\vv-landing\vv-landing\apps\corporate-website\api\content\[id]\route.ts
C:\Users\smitj\repos\vv\vv-landing\vv-landing\apps\corporate-website\api\content\page\[page]\route.ts
C:\Users\smitj\repos\vv\vv-landing\vv-landing\apps\corporate-website\api\content\route.ts
C:\Users\smitj\repos\vv\vv-landing\vv-landing\apps\corporate-website\api\cron\sync\route.ts
C:\Users\smitj\repos\vv\vv-landing\vv-landing\apps\corporate-website\api\dashboard\overview\route.ts
C:\Users\smitj\repos\vv\vv-landing\vv-landing\apps\corporate-website\api\dashboard\performance\route.ts
C:\Users\smitj\repos\vv\vv-landing\vv-landing\apps\corporate-website\api\defi-data\route.ts
C:\Users\smitj\repos\vv\vv-landing\vv-landing\apps\corporate-website\api\events\route.ts
C:\Users\smitj\repos\vv\vv-landing\vv-landing\apps\corporate-website\api\events\upcoming\route.ts
C:\Users\smitj\repos\vv\vv-landing\vv-landing\apps\corporate-website\api\goldsky\historical-data\route.ts
C:\Users\smitj\repos\vv\vv-landing\vv-landing\apps\corporate-website\api\goldsky\protocols\route.ts
C:\Users\smitj\repos\vv\vv-landing\vv-landing\apps\corporate-website\api\investor-metrics\route.ts
C:\Users\smitj\repos\vv\vv-landing\vv-landing\apps\corporate-website\api\liquidity-pools\[id]\performance\route.ts
C:\Users\smitj\repos\vv\vv-landing\vv-landing\apps\corporate-website\api\liquidity-pools\[id]\route.ts
C:\Users\smitj\repos\vv\vv-landing\vv-landing\apps\corporate-website\api\liquidity-pools\route.ts
C:\Users\smitj\repos\vv\vv-landing\vv-landing\apps\corporate-website\api\market-data\route.ts
C:\Users\smitj\repos\vv\vv-landing\vv-landing\apps\corporate-website\api\navigation\group\[group]\route.ts
C:\Users\smitj\repos\vv\vv-landing\vv-landing\apps\corporate-website\api\navigation\route.ts
C:\Users\smitj\repos\vv\vv-landing\vv-landing\apps\corporate-website\api\og\corporate\route.tsx
C:\Users\smitj\repos\vv\vv-landing\vv-landing\apps\corporate-website\api\og\standard\route.tsx
C:\Users\smitj\repos\vv\vv-landing\vv-landing\apps\corporate-website\api\portfolio\summary\route.ts
C:\Users\smitj\repos\vv\vv-landing\vv-landing\apps\corporate-website\api\process-status\[id]\route.ts
C:\Users\smitj\repos\vv\vv-landing\vv-landing\apps\corporate-website\api\profiles\me\route.ts
C:\Users\smitj\repos\vv\vv-landing\vv-landing\apps\corporate-website\api\protocol-metrics\route.ts
C:\Users\smitj\repos\vv\vv-landing\vv-landing\apps\corporate-website\api\risk-assessment\route.ts
C:\Users\smitj\repos\vv\vv-landing\vv-landing\apps\corporate-website\api\send-email\route.ts
C:\Users\smitj\repos\vv\vv-landing\vv-landing\apps\corporate-website\api\settings\[key]\route.ts
C:\Users\smitj\repos\vv\vv-landing\vv-landing\apps\corporate-website\api\settings\route.ts
C:\Users\smitj\repos\vv\vv-landing\vv-landing\apps\corporate-website\api\sync\route.ts
C:\Users\smitj\repos\vv\vv-landing\vv-landing\apps\corporate-website\api\voting\active-proposals\route.ts
C:\Users\smitj\repos\vv\vv-landing\vv-landing\apps\corporate-website\api\voting\overview\route.ts
C:\Users\smitj\repos\vv\vv-landing\vv-landing\apps\corporate-website\api\voting\past-proposals\route.ts
C:\Users\smitj\repos\vv\vv-landing\vv-landing\apps\corporate-website\api\voting\vote\route.ts
C:\Users\smitj\repos\vv\vv-landing\vv-landing\apps\corporate-website\app\(corporate)\corporate\login\page.tsx
C:\Users\smitj\repos\vv\vv-landing\vv-landing\apps\corporate-website\app\(corporate)\corporate\page.tsx
C:\Users\smitj\repos\vv\vv-landing\vv-landing\apps\corporate-website\app\(corporate)\corporate\register\page.tsx
C:\Users\smitj\repos\vv\vv-landing\vv-landing\apps\corporate-website\app\(corporate)\metadata.tsx
C:\Users\smitj\repos\vv\vv-landing\vv-landing\apps\corporate-website\app\(dashboard)\analytics\custom-dimensions\loading.tsx
C:\Users\smitj\repos\vv\vv-landing\vv-landing\apps\corporate-website\app\(dashboard)\analytics\custom-dimensions\page.tsx
C:\Users\smitj\repos\vv\vv-landing\vv-landing\apps\corporate-website\app\(dashboard)\analytics\funnel-guide\loading.tsx
C:\Users\smitj\repos\vv\vv-landing\vv-landing\apps\corporate-website\app\(dashboard)\analytics\funnel-guide\page.tsx
C:\Users\smitj\repos\vv\vv-landing\vv-landing\apps\corporate-website\app\(dashboard)\analytics\historical\page.tsx
C:\Users\smitj\repos\vv\vv-landing\vv-landing\apps\corporate-website\app\(dashboard)\analytics\loading.tsx
C:\Users\smitj\repos\vv\vv-landing\vv-landing\apps\corporate-website\app\(dashboard)\analytics\page.tsx
C:\Users\smitj\repos\vv\vv-landing\vv-landing\apps\corporate-website\app\(dashboard)\analytics\reports\loading.tsx
C:\Users\smitj\repos\vv\vv-landing\vv-landing\apps\corporate-website\app\(dashboard)\analytics\reports\page.tsx
C:\Users\smitj\repos\vv\vv-landing\vv-landing\apps\corporate-website\app\(dashboard)\analytics\usage\loading.tsx
C:\Users\smitj\repos\vv\vv-landing\vv-landing\apps\corporate-website\app\(dashboard)\analytics\usage\page.tsx
C:\Users\smitj\repos\vv\vv-landing\vv-landing\apps\corporate-website\app\(dashboard)\analytics\verification\loading.tsx
C:\Users\smitj\repos\vv\vv-landing\vv-landing\apps\corporate-website\app\(dashboard)\analytics\verification\page.tsx
C:\Users\smitj\repos\vv\vv-landing\vv-landing\apps\corporate-website\app\(dashboard)\dashboard\loading.tsx
C:\Users\smitj\repos\vv\vv-landing\vv-landing\apps\corporate-website\app\(dashboard)\dashboard\page.tsx
C:\Users\smitj\repos\vv\vv-landing\vv-landing\apps\corporate-website\app\(dashboard)\flash-loans\page.tsx
C:\Users\smitj\repos\vv\vv-landing\vv-landing\apps\corporate-website\app\(dashboard)\layout.tsx
C:\Users\smitj\repos\vv\vv-landing\vv-landing\apps\corporate-website\app\(dashboard)\pools\[id]\page.tsx
C:\Users\smitj\repos\vv\vv-landing\vv-landing\apps\corporate-website\app\(dashboard)\pools\page.tsx
C:\Users\smitj\repos\vv\vv-landing\vv-landing\apps\corporate-website\app\(dashboard)\profile\page.tsx
C:\Users\smitj\repos\vv\vv-landing\vv-landing\apps\corporate-website\app\(dashboard)\risk-assessment\page.tsx
C:\Users\smitj\repos\vv\vv-landing\vv-landing\apps\corporate-website\app\(dashboard)\settings\page.tsx
C:\Users\smitj\repos\vv\vv-landing\vv-landing\apps\corporate-website\app\(dashboard)\strategies\[id]\page.tsx
C:\Users\smitj\repos\vv\vv-landing\vv-landing\apps\corporate-website\app\(dashboard)\strategies\manage\page.tsx
C:\Users\smitj\repos\vv\vv-landing\vv-landing\apps\corporate-website\app\(dashboard)\strategies\page.tsx
C:\Users\smitj\repos\vv\vv-landing\vv-landing\apps\corporate-website\app\(marketing)\layout.tsx
C:\Users\smitj\repos\vv\vv-landing\vv-landing\apps\corporate-website\app\(standard)\layout.tsx
C:\Users\smitj\repos\vv\vv-landing\vv-landing\apps\corporate-website\app\(standard)\metadata.tsx
C:\Users\smitj\repos\vv\vv-landing\vv-landing\apps\corporate-website\app\(standard)\standard\login\page.tsx
C:\Users\smitj\repos\vv\vv-landing\vv-landing\apps\corporate-website\app\(standard)\standard\page.tsx
C:\Users\smitj\repos\vv\vv-landing\vv-landing\apps\corporate-website\app\(standard)\standard\register\page.tsx
C:\Users\smitj\repos\vv\vv-landing\vv-landing\apps\corporate-website\app\actions\send-email.ts
C:\Users\smitj\repos\vv\vv-landing\vv-landing\apps\corporate-website\app\admin\page.tsx
C:\Users\smitj\repos\vv\vv-landing\vv-landing\apps\corporate-website\app\ai-features\page.tsx
C:\Users\smitj\repos\vv\vv-landing\vv-landing\apps\corporate-website\app\api\activities\recent\route.ts
C:\Users\smitj\repos\vv\vv-landing\vv-landing\apps\corporate-website\app\api\activities\route.ts
C:\Users\smitj\repos\vv\vv-landing\vv-landing\apps\corporate-website\app\api\ai\analyze-pools\route.ts
C:\Users\smitj\repos\vv\vv-landing\vv-landing\apps\corporate-website\app\api\ai\generate-strategy\route.ts
C:\Users\smitj\repos\vv\vv-landing\vv-landing\apps\corporate-website\app\api\ai\generate-visualization\route.ts
C:\Users\smitj\repos\vv\vv-landing\vv-landing\apps\corporate-website\app\api\ai\risk-assessment\route.ts
C:\Users\smitj\repos\vv\vv-landing\vv-landing\apps\corporate-website\app\api\ai\route.ts
C:\Users\smitj\repos\vv\vv-landing\vv-landing\apps\corporate-website\app\api\analytics\route.ts
C:\Users\smitj\repos\vv\vv-landing\vv-landing\apps\corporate-website\app\api\auth\[...nextauth]\route.ts
C:\Users\smitj\repos\vv\vv-landing\vv-landing\apps\corporate-website\app\api\auth\github\callback\route.ts
C:\Users\smitj\repos\vv\vv-landing\vv-landing\apps\corporate-website\app\api\auth\github\route.ts
C:\Users\smitj\repos\vv\vv-landing\vv-landing\apps\corporate-website\app\api\auth\login\route.ts
C:\Users\smitj\repos\vv\vv-landing\vv-landing\apps\corporate-website\app\api\content\[id]\route.ts
C:\Users\smitj\repos\vv\vv-landing\vv-landing\apps\corporate-website\app\api\content\page\[page]\route.ts
C:\Users\smitj\repos\vv\vv-landing\vv-landing\apps\corporate-website\app\api\content\route.ts
C:\Users\smitj\repos\vv\vv-landing\vv-landing\apps\corporate-website\app\api\cron\sync\route.ts
C:\Users\smitj\repos\vv\vv-landing\vv-landing\apps\corporate-website\app\api\dashboard\overview\route.ts
C:\Users\smitj\repos\vv\vv-landing\vv-landing\apps\corporate-website\app\api\dashboard\performance\route.ts
C:\Users\smitj\repos\vv\vv-landing\vv-landing\apps\corporate-website\app\api\defi-data\route.ts
C:\Users\smitj\repos\vv\vv-landing\vv-landing\apps\corporate-website\app\api\events\route.ts
C:\Users\smitj\repos\vv\vv-landing\vv-landing\apps\corporate-website\app\api\events\upcoming\route.ts
C:\Users\smitj\repos\vv\vv-landing\vv-landing\apps\corporate-website\app\api\goldsky\historical-data\route.ts
C:\Users\smitj\repos\vv\vv-landing\vv-landing\apps\corporate-website\app\api\goldsky\protocols\route.ts
C:\Users\smitj\repos\vv\vv-landing\vv-landing\apps\corporate-website\app\api\investor-metrics\route.ts
C:\Users\smitj\repos\vv\vv-landing\vv-landing\apps\corporate-website\app\api\liquidity-pools\[id]\performance\route.ts
C:\Users\smitj\repos\vv\vv-landing\vv-landing\apps\corporate-website\app\api\liquidity-pools\[id]\route.ts
C:\Users\smitj\repos\vv\vv-landing\vv-landing\apps\corporate-website\app\api\liquidity-pools\route.ts
C:\Users\smitj\repos\vv\vv-landing\vv-landing\apps\corporate-website\app\api\market-data\route.ts
C:\Users\smitj\repos\vv\vv-landing\vv-landing\apps\corporate-website\app\api\navigation\group\[group]\route.ts
C:\Users\smitj\repos\vv\vv-landing\vv-landing\apps\corporate-website\app\api\navigation\route.ts
C:\Users\smitj\repos\vv\vv-landing\vv-landing\apps\corporate-website\app\api\og\corporate\route.tsx
C:\Users\smitj\repos\vv\vv-landing\vv-landing\apps\corporate-website\app\api\og\standard\route.tsx
C:\Users\smitj\repos\vv\vv-landing\vv-landing\apps\corporate-website\app\api\portfolio\summary\route.ts
C:\Users\smitj\repos\vv\vv-landing\vv-landing\apps\corporate-website\app\api\process-status\[id]\route.ts
C:\Users\smitj\repos\vv\vv-landing\vv-landing\apps\corporate-website\app\api\profiles\me\route.ts
C:\Users\smitj\repos\vv\vv-landing\vv-landing\apps\corporate-website\app\api\protocol-metrics\route.ts
C:\Users\smitj\repos\vv\vv-landing\vv-landing\apps\corporate-website\app\api\risk-assessment\route.ts
C:\Users\smitj\repos\vv\vv-landing\vv-landing\apps\corporate-website\app\api\send-email\route.ts
C:\Users\smitj\repos\vv\vv-landing\vv-landing\apps\corporate-website\app\api\settings\[key]\route.ts
C:\Users\smitj\repos\vv\vv-landing\vv-landing\apps\corporate-website\app\api\settings\route.ts
C:\Users\smitj\repos\vv\vv-landing\vv-landing\apps\corporate-website\app\api\sync\route.ts
C:\Users\smitj\repos\vv\vv-landing\vv-landing\apps\corporate-website\app\api\voting\active-proposals\route.ts
C:\Users\smitj\repos\vv\vv-landing\vv-landing\apps\corporate-website\app\api\voting\overview\route.ts
C:\Users\smitj\repos\vv\vv-landing\vv-landing\apps\corporate-website\app\api\voting\past-proposals\route.ts
C:\Users\smitj\repos\vv\vv-landing\vv-landing\apps\corporate-website\app\api\voting\vote\route.ts
C:\Users\smitj\repos\vv\vv-landing\vv-landing\apps\corporate-website\app\auth\callback\route.ts
C:\Users\smitj\repos\vv\vv-landing\vv-landing\apps\corporate-website\app\auth\layout.tsx
C:\Users\smitj\repos\vv\vv-landing\vv-landing\apps\corporate-website\app\auth\login\loading.tsx
C:\Users\smitj\repos\vv\vv-landing\vv-landing\apps\corporate-website\app\auth\login\page.tsx
C:\Users\smitj\repos\vv\vv-landing\vv-landing\apps\corporate-website\app\auth\register\page.tsx
C:\Users\smitj\repos\vv\vv-landing\vv-landing\apps\corporate-website\app\auth\reset-password\page.tsx
C:\Users\smitj\repos\vv\vv-landing\vv-landing\apps\corporate-website\app\auth\update-password\page.tsx
C:\Users\smitj\repos\vv\vv-landing\vv-landing\apps\corporate-website\app\brand\page.tsx
C:\Users\smitj\repos\vv\vv-landing\vv-landing\apps\corporate-website\app\ClientPage.tsx
C:\Users\smitj\repos\vv\vv-landing\vv-landing\apps\corporate-website\app\compare\loading.tsx
C:\Users\smitj\repos\vv\vv-landing\vv-landing\apps\corporate-website\app\compare\page.tsx
C:\Users\smitj\repos\vv\vv-landing\vv-landing\apps\corporate-website\app\components\version-selection\CorporateVersionCard.tsx
C:\Users\smitj\repos\vv\vv-landing\vv-landing\apps\corporate-website\app\components\version-selection\StandardVersionCard.tsx
C:\Users\smitj\repos\vv\vv-landing\vv-landing\apps\corporate-website\app\components\version-selection\ThemeSelectionModal.module.css
C:\Users\smitj\repos\vv\vv-landing\vv-landing\apps\corporate-website\app\components\version-selection\ThemeSelectionModal.tsx
C:\Users\smitj\repos\vv\vv-landing\vv-landing\apps\corporate-website\app\components\version-selection\VersionBackground.tsx
C:\Users\smitj\repos\vv\vv-landing\vv-landing\apps\corporate-website\app\components\version-selection\VersionCard.module.css
C:\Users\smitj\repos\vv\vv-landing\vv-landing\apps\corporate-website\app\components\version-selection\VersionCardFeatureList.tsx
C:\Users\smitj\repos\vv\vv-landing\vv-landing\apps\corporate-website\app\components\version-selection\VersionCardFooter.tsx
C:\Users\smitj\repos\vv\vv-landing\vv-landing\apps\corporate-website\app\components\version-selection\VersionCardHeader.tsx
C:\Users\smitj\repos\vv\vv-landing\vv-landing\apps\corporate-website\app\components\version-selection\VersionFooter.tsx
C:\Users\smitj\repos\vv\vv-landing\vv-landing\apps\corporate-website\app\components\version-selection\VersionHeader.tsx
C:\Users\smitj\repos\vv\vv-landing\vv-landing\apps\corporate-website\app\contact\page.tsx
C:\Users\smitj\repos\vv\vv-landing\vv-landing\apps\corporate-website\app\corporate-version\about\client.tsx
C:\Users\smitj\repos\vv\vv-landing\vv-landing\apps\corporate-website\app\corporate-version\about\page.tsx
C:\Users\smitj\repos\vv\vv-landing\vv-landing\apps\corporate-website\app\corporate-version\careers\client.tsx
C:\Users\smitj\repos\vv\vv-landing\vv-landing\apps\corporate-website\app\corporate-version\careers\page.tsx
C:\Users\smitj\repos\vv\vv-landing\vv-landing\apps\corporate-website\app\corporate-version\client.tsx
C:\Users\smitj\repos\vv\vv-landing\vv-landing\apps\corporate-website\app\corporate-version\compliance\client.tsx
C:\Users\smitj\repos\vv\vv-landing\vv-landing\apps\corporate-website\app\corporate-version\compliance\page.tsx
C:\Users\smitj\repos\vv\vv-landing\vv-landing\apps\corporate-website\app\corporate-version\compliance\whitepaper\page.tsx
C:\Users\smitj\repos\vv\vv-landing\vv-landing\apps\corporate-website\app\corporate-version\contact\client.tsx
C:\Users\smitj\repos\vv\vv-landing\vv-landing\apps\corporate-website\app\corporate-version\contact\page.tsx
C:\Users\smitj\repos\vv\vv-landing\vv-landing\apps\corporate-website\app\corporate-version\cookies\client.tsx
C:\Users\smitj\repos\vv\vv-landing\vv-landing\apps\corporate-website\app\corporate-version\cookies\page.tsx
C:\Users\smitj\repos\vv\vv-landing\vv-landing\apps\corporate-website\app\corporate-version\demo\client.tsx
C:\Users\smitj\repos\vv\vv-landing\vv-landing\apps\corporate-website\app\corporate-version\demo\page.tsx
C:\Users\smitj\repos\vv\vv-landing\vv-landing\apps\corporate-website\app\corporate-version\forgot-password\client.tsx
C:\Users\smitj\repos\vv\vv-landing\vv-landing\apps\corporate-website\app\corporate-version\forgot-password\page.tsx
C:\Users\smitj\repos\vv\vv-landing\vv-landing\apps\corporate-website\app\corporate-version\layout-client.tsx
C:\Users\smitj\repos\vv\vv-landing\vv-landing\apps\corporate-website\app\corporate-version\layout.tsx
C:\Users\smitj\repos\vv\vv-landing\vv-landing\apps\corporate-website\app\corporate-version\login\client.tsx
C:\Users\smitj\repos\vv\vv-landing\vv-landing\apps\corporate-website\app\corporate-version\login\page.tsx
C:\Users\smitj\repos\vv\vv-landing\vv-landing\apps\corporate-website\app\corporate-version\marketing\client.tsx
C:\Users\smitj\repos\vv\vv-landing\vv-landing\apps\corporate-website\app\corporate-version\marketing\layout.tsx
C:\Users\smitj\repos\vv\vv-landing\vv-landing\apps\corporate-website\app\corporate-version\marketing\loading.tsx
C:\Users\smitj\repos\vv\vv-landing\vv-landing\apps\corporate-website\app\corporate-version\marketing\page.tsx
C:\Users\smitj\repos\vv\vv-landing\vv-landing\apps\corporate-website\app\corporate-version\page.tsx
C:\Users\smitj\repos\vv\vv-landing\vv-landing\apps\corporate-website\app\corporate-version\pricing\client.tsx
C:\Users\smitj\repos\vv\vv-landing\vv-landing\apps\corporate-website\app\corporate-version\pricing\page.tsx
C:\Users\smitj\repos\vv\vv-landing\vv-landing\apps\corporate-website\app\corporate-version\privacy\client.tsx
C:\Users\smitj\repos\vv\vv-landing\vv-landing\apps\corporate-website\app\corporate-version\privacy\page.tsx
C:\Users\smitj\repos\vv\vv-landing\vv-landing\apps\corporate-website\app\corporate-version\security\client.tsx
C:\Users\smitj\repos\vv\vv-landing\vv-landing\apps\corporate-website\app\corporate-version\security\page.tsx
C:\Users\smitj\repos\vv\vv-landing\vv-landing\apps\corporate-website\app\corporate-version\security\whitepaper\page.tsx
C:\Users\smitj\repos\vv\vv-landing\vv-landing\apps\corporate-website\app\corporate-version\signup\client.tsx
C:\Users\smitj\repos\vv\vv-landing\vv-landing\apps\corporate-website\app\corporate-version\signup\page.tsx
C:\Users\smitj\repos\vv\vv-landing\vv-landing\apps\corporate-website\app\corporate-version\solutions\client.tsx
C:\Users\smitj\repos\vv\vv-landing\vv-landing\apps\corporate-website\app\corporate-version\solutions\compliance\client.tsx
C:\Users\smitj\repos\vv\vv-landing\vv-landing\apps\corporate-website\app\corporate-version\solutions\compliance\page.tsx
C:\Users\smitj\repos\vv\vv-landing\vv-landing\apps\corporate-website\app\corporate-version\solutions\compliance\whitepaper\page.tsx
C:\Users\smitj\repos\vv\vv-landing\vv-landing\apps\corporate-website\app\corporate-version\solutions\page.tsx
C:\Users\smitj\repos\vv\vv-landing\vv-landing\apps\corporate-website\app\corporate-version\solutions\portfolio\client.tsx
C:\Users\smitj\repos\vv\vv-landing\vv-landing\apps\corporate-website\app\corporate-version\solutions\portfolio\page.tsx
C:\Users\smitj\repos\vv\vv-landing\vv-landing\apps\corporate-website\app\corporate-version\solutions\portfolio\whitepaper\page.tsx
C:\Users\smitj\repos\vv\vv-landing\vv-landing\apps\corporate-website\app\corporate-version\solutions\risk\client.tsx
C:\Users\smitj\repos\vv\vv-landing\vv-landing\apps\corporate-website\app\corporate-version\solutions\risk\page.tsx
C:\Users\smitj\repos\vv\vv-landing\vv-landing\apps\corporate-website\app\corporate-version\solutions\risk\whitepaper\page.tsx
C:\Users\smitj\repos\vv\vv-landing\vv-landing\apps\corporate-website\app\corporate-version\solutions\treasury\client.tsx
C:\Users\smitj\repos\vv\vv-landing\vv-landing\apps\corporate-website\app\corporate-version\solutions\treasury\components\treasury-case-study.tsx
C:\Users\smitj\repos\vv\vv-landing\vv-landing\apps\corporate-website\app\corporate-version\solutions\treasury\components\treasury-cta.tsx
C:\Users\smitj\repos\vv\vv-landing\vv-landing\apps\corporate-website\app\corporate-version\solutions\treasury\components\treasury-dashboard.tsx
C:\Users\smitj\repos\vv\vv-landing\vv-landing\apps\corporate-website\app\corporate-version\solutions\treasury\components\treasury-features.tsx
C:\Users\smitj\repos\vv\vv-landing\vv-landing\apps\corporate-website\app\corporate-version\solutions\treasury\components\treasury-hero.tsx
C:\Users\smitj\repos\vv\vv-landing\vv-landing\apps\corporate-website\app\corporate-version\solutions\treasury\page.tsx
C:\Users\smitj\repos\vv\vv-landing\vv-landing\apps\corporate-website\app\corporate-version\solutions\treasury\whitepaper\page.tsx
C:\Users\smitj\repos\vv\vv-landing\vv-landing\apps\corporate-website\app\corporate-version\terms\client.tsx
C:\Users\smitj\repos\vv\vv-landing\vv-landing\apps\corporate-website\app\corporate-version\terms\page.tsx
C:\Users\smitj\repos\vv\vv-landing\vv-landing\apps\corporate-website\app\corporate\dashboard\admin\page.tsx
C:\Users\smitj\repos\vv\vv-landing\vv-landing\apps\corporate-website\app\corporate\dashboard\ai-analytics\page.tsx
C:\Users\smitj\repos\vv\vv-landing\vv-landing\apps\corporate-website\app\corporate\dashboard\analytics\page.tsx
C:\Users\smitj\repos\vv\vv-landing\vv-landing\apps\corporate-website\app\corporate\dashboard\consumer\page.tsx
C:\Users\smitj\repos\vv\vv-landing\vv-landing\apps\corporate-website\app\corporate\dashboard\dashboard-content.tsx
C:\Users\smitj\repos\vv\vv-landing\vv-landing\apps\corporate-website\app\corporate\dashboard\events\page.tsx
C:\Users\smitj\repos\vv\vv-landing\vv-landing\apps\corporate-website\app\corporate\dashboard\flash-loans\page.tsx
C:\Users\smitj\repos\vv\vv-landing\vv-landing\apps\corporate-website\app\corporate\dashboard\layout.tsx
C:\Users\smitj\repos\vv\vv-landing\vv-landing\apps\corporate-website\app\corporate\dashboard\loading.tsx
C:\Users\smitj\repos\vv\vv-landing\vv-landing\apps\corporate-website\app\corporate\dashboard\market\page.tsx
C:\Users\smitj\repos\vv\vv-landing\vv-landing\apps\corporate-website\app\corporate\dashboard\model-portfolio\page.tsx
C:\Users\smitj\repos\vv\vv-landing\vv-landing\apps\corporate-website\app\corporate\dashboard\models.tsx
C:\Users\smitj\repos\vv\vv-landing\vv-landing\apps\corporate-website\app\corporate\dashboard\offchain\page.tsx
C:\Users\smitj\repos\vv\vv-landing\vv-landing\apps\corporate-website\app\corporate\dashboard\onchain\page.tsx
C:\Users\smitj\repos\vv\vv-landing\vv-landing\apps\corporate-website\app\corporate\dashboard\overview.module.css
C:\Users\smitj\repos\vv\vv-landing\vv-landing\apps\corporate-website\app\corporate\dashboard\overview.tsx
C:\Users\smitj\repos\vv\vv-landing\vv-landing\apps\corporate-website\app\corporate\dashboard\page.tsx
C:\Users\smitj\repos\vv\vv-landing\vv-landing\apps\corporate-website\app\corporate\dashboard\performance.tsx
C:\Users\smitj\repos\vv\vv-landing\vv-landing\apps\corporate-website\app\corporate\dashboard\performance\page.tsx
C:\Users\smitj\repos\vv\vv-landing\vv-landing\apps\corporate-website\app\corporate\dashboard\portfolio\page.tsx
C:\Users\smitj\repos\vv\vv-landing\vv-landing\apps\corporate-website\app\corporate\dashboard\risk-assessment\page.tsx
C:\Users\smitj\repos\vv\vv-landing\vv-landing\apps\corporate-website\app\corporate\dashboard\strategies\page.tsx
C:\Users\smitj\repos\vv\vv-landing\vv-landing\apps\corporate-website\app\corporate\dashboard\tezos-liquidity\page.tsx
C:\Users\smitj\repos\vv\vv-landing\vv-landing\apps\corporate-website\app\corporate\dashboard\treasury\page.tsx
C:\Users\smitj\repos\vv\vv-landing\vv-landing\apps\corporate-website\app\corporate\dashboard\voting.module.css
C:\Users\smitj\repos\vv\vv-landing\vv-landing\apps\corporate-website\app\corporate\dashboard\voting.tsx
C:\Users\smitj\repos\vv\vv-landing\vv-landing\apps\corporate-website\app\corporate\dashboard\voting\page.tsx
C:\Users\smitj\repos\vv\vv-landing\vv-landing\apps\corporate-website\app\corporate\dashboard\watchlist\page.tsx
C:\Users\smitj\repos\vv\vv-landing\vv-landing\apps\corporate-website\app\dashboard\protocols\page.tsx
C:\Users\smitj\repos\vv\vv-landing\vv-landing\apps\corporate-website\app\demo-mode\page.tsx
C:\Users\smitj\repos\vv\vv-landing\vv-landing\apps\corporate-website\app\demo\ClientPage.tsx
C:\Users\smitj\repos\vv\vv-landing\vv-landing\apps\corporate-website\app\demo\landing\layout.tsx
C:\Users\smitj\repos\vv\vv-landing\vv-landing\apps\corporate-website\app\demo\layout.tsx
C:\Users\smitj\repos\vv\vv-landing\vv-landing\apps\corporate-website\app\demo\loading.tsx
C:\Users\smitj\repos\vv\vv-landing\vv-landing\apps\corporate-website\app\enhanced-dark-theme.css
C:\Users\smitj\repos\vv\vv-landing\vv-landing\apps\corporate-website\app\globals-corporate.css
C:\Users\smitj\repos\vv\vv-landing\vv-landing\apps\corporate-website\app\globals-standard.css
C:\Users\smitj\repos\vv\vv-landing\vv-landing\apps\corporate-website\app\globals.css
C:\Users\smitj\repos\vv\vv-landing\vv-landing\apps\corporate-website\app\google-analytics.tsx
C:\Users\smitj\repos\vv\vv-landing\vv-landing\apps\corporate-website\app\hero-showcase\page.tsx
C:\Users\smitj\repos\vv\vv-landing\vv-landing\apps\corporate-website\app\how-it-works\page.tsx
C:\Users\smitj\repos\vv\vv-landing\vv-landing\apps\corporate-website\app\layout-with-mocks.tsx
C:\Users\smitj\repos\vv\vv-landing\vv-landing\apps\corporate-website\app\layout.tsx
C:\Users\smitj\repos\vv\vv-landing\vv-landing\apps\corporate-website\app\light-mode.css
C:\Users\smitj\repos\vv\vv-landing\vv-landing\apps\corporate-website\app\login\client.tsx
C:\Users\smitj\repos\vv\vv-landing\vv-landing\apps\corporate-website\app\login\page.tsx
C:\Users\smitj\repos\vv\vv-landing\vv-landing\apps\corporate-website\app\mocks.ts
C:\Users\smitj\repos\vv\vv-landing\vv-landing\apps\corporate-website\app\page.tsx
C:\Users\smitj\repos\vv\vv-landing\vv-landing\apps\corporate-website\app\providers.tsx
C:\Users\smitj\repos\vv\vv-landing\vv-landing\apps\corporate-website\app\screenshot-match.css
C:\Users\smitj\repos\vv\vv-landing\vv-landing\apps\corporate-website\app\sitemap.ts
C:\Users\smitj\repos\vv\vv-landing\vv-landing\apps\corporate-website\app\standard-demo\landing\page.tsx
C:\Users\smitj\repos\vv\vv-landing\vv-landing\apps\corporate-website\app\standard-demo\page.tsx
C:\Users\smitj\repos\vv\vv-landing\vv-landing\apps\corporate-website\app\standard-design-tokens.css
C:\Users\smitj\repos\vv\vv-landing\vv-landing\apps\corporate-website\app\standard-variables.css
C:\Users\smitj\repos\vv\vv-landing\vv-landing\apps\corporate-website\app\standard-version\dashboard\loading.tsx
C:\Users\smitj\repos\vv\vv-landing\vv-landing\apps\corporate-website\app\standard-version\dashboard\page.server.tsx
C:\Users\smitj\repos\vv\vv-landing\vv-landing\apps\corporate-website\app\standard-version\dashboard\page.tsx
C:\Users\smitj\repos\vv\vv-landing\vv-landing\apps\corporate-website\app\standard-version\marketing\loading.tsx
C:\Users\smitj\repos\vv\vv-landing\vv-landing\apps\corporate-website\app\standard-version\marketing\page.tsx
C:\Users\smitj\repos\vv\vv-landing\vv-landing\apps\corporate-website\app\standard-version\page.tsx
C:\Users\smitj\repos\vv\vv-landing\vv-landing\apps\corporate-website\app\theme-initializer-client.tsx
C:\Users\smitj\repos\vv\vv-landing\vv-landing\apps\corporate-website\app\theme-initializer.tsx
C:\Users\smitj\repos\vv\vv-landing\vv-landing\apps\corporate-website\app\theme-script.tsx
C:\Users\smitj\repos\vv\vv-landing\vv-landing\apps\corporate-website\app\theme-transitions.css
C:\Users\smitj\repos\vv\vv-landing\vv-landing\apps\corporate-website\app\theme-variables.css
C:\Users\smitj\repos\vv\vv-landing\vv-landing\apps\corporate-website\app\version-theme-variables.css
C:\Users\smitj\repos\vv\vv-landing\vv-landing\apps\corporate-website\app\VersionSelectionPage.module.css
C:\Users\smitj\repos\vv\vv-landing\vv-landing\apps\corporate-website\app\VersionSelectionPage.tsx
C:\Users\smitj\repos\vv\vv-landing\vv-landing\apps\corporate-website\app\VersionSelectionPageBridge.tsx
C:\Users\smitj\repos\vv\vv-landing\vv-landing\apps\corporate-website\app\whitepaper\page.tsx
C:\Users\smitj\repos\vv\vv-landing\vv-landing\apps\corporate-website\auth\callback\route.ts
C:\Users\smitj\repos\vv\vv-landing\vv-landing\apps\corporate-website\auth\layout.tsx
C:\Users\smitj\repos\vv\vv-landing\vv-landing\apps\corporate-website\auth\login\loading.tsx
C:\Users\smitj\repos\vv\vv-landing\vv-landing\apps\corporate-website\auth\login\page.tsx
C:\Users\smitj\repos\vv\vv-landing\vv-landing\apps\corporate-website\auth\register\page.tsx
C:\Users\smitj\repos\vv\vv-landing\vv-landing\apps\corporate-website\auth\reset-password\page.tsx
C:\Users\smitj\repos\vv\vv-landing\vv-landing\apps\corporate-website\auth\update-password\page.tsx
C:\Users\smitj\repos\vv\vv-landing\vv-landing\apps\corporate-website\brand\page.tsx
C:\Users\smitj\repos\vv\vv-landing\vv-landing\apps\corporate-website\ClientPage.tsx
C:\Users\smitj\repos\vv\vv-landing\vv-landing\apps\corporate-website\compare\loading.tsx
C:\Users\smitj\repos\vv\vv-landing\vv-landing\apps\corporate-website\compare\page.tsx
C:\Users\smitj\repos\vv\vv-landing\vv-landing\apps\corporate-website\components\version-selection\CorporateVersionCard.tsx
C:\Users\smitj\repos\vv\vv-landing\vv-landing\apps\corporate-website\components\version-selection\StandardVersionCard.tsx
C:\Users\smitj\repos\vv\vv-landing\vv-landing\apps\corporate-website\components\version-selection\ThemeSelectionModal.module.css
C:\Users\smitj\repos\vv\vv-landing\vv-landing\apps\corporate-website\components\version-selection\ThemeSelectionModal.tsx
C:\Users\smitj\repos\vv\vv-landing\vv-landing\apps\corporate-website\components\version-selection\VersionBackground.tsx
C:\Users\smitj\repos\vv\vv-landing\vv-landing\apps\corporate-website\components\version-selection\VersionCard.module.css
C:\Users\smitj\repos\vv\vv-landing\vv-landing\apps\corporate-website\components\version-selection\VersionCardFeatureList.tsx
C:\Users\smitj\repos\vv\vv-landing\vv-landing\apps\corporate-website\components\version-selection\VersionCardFooter.tsx
C:\Users\smitj\repos\vv\vv-landing\vv-landing\apps\corporate-website\components\version-selection\VersionCardHeader.tsx
C:\Users\smitj\repos\vv\vv-landing\vv-landing\apps\corporate-website\components\version-selection\VersionFooter.tsx
C:\Users\smitj\repos\vv\vv-landing\vv-landing\apps\corporate-website\components\version-selection\VersionHeader.tsx
C:\Users\smitj\repos\vv\vv-landing\vv-landing\apps\corporate-website\contact\page.tsx
C:\Users\smitj\repos\vv\vv-landing\vv-landing\apps\corporate-website\corporate-version\about\client.tsx
C:\Users\smitj\repos\vv\vv-landing\vv-landing\apps\corporate-website\corporate-version\about\page.tsx
C:\Users\smitj\repos\vv\vv-landing\vv-landing\apps\corporate-website\corporate-version\careers\client.tsx
C:\Users\smitj\repos\vv\vv-landing\vv-landing\apps\corporate-website\corporate-version\careers\page.tsx
C:\Users\smitj\repos\vv\vv-landing\vv-landing\apps\corporate-website\corporate-version\client.tsx
C:\Users\smitj\repos\vv\vv-landing\vv-landing\apps\corporate-website\corporate-version\compliance\client.tsx
C:\Users\smitj\repos\vv\vv-landing\vv-landing\apps\corporate-website\corporate-version\compliance\page.tsx
C:\Users\smitj\repos\vv\vv-landing\vv-landing\apps\corporate-website\corporate-version\compliance\whitepaper\page.tsx
C:\Users\smitj\repos\vv\vv-landing\vv-landing\apps\corporate-website\corporate-version\contact\client.tsx
C:\Users\smitj\repos\vv\vv-landing\vv-landing\apps\corporate-website\corporate-version\contact\page.tsx
C:\Users\smitj\repos\vv\vv-landing\vv-landing\apps\corporate-website\corporate-version\cookies\client.tsx
C:\Users\smitj\repos\vv\vv-landing\vv-landing\apps\corporate-website\corporate-version\cookies\page.tsx
C:\Users\smitj\repos\vv\vv-landing\vv-landing\apps\corporate-website\corporate-version\demo\client.tsx
C:\Users\smitj\repos\vv\vv-landing\vv-landing\apps\corporate-website\corporate-version\demo\page.tsx
C:\Users\smitj\repos\vv\vv-landing\vv-landing\apps\corporate-website\corporate-version\forgot-password\client.tsx
C:\Users\smitj\repos\vv\vv-landing\vv-landing\apps\corporate-website\corporate-version\forgot-password\page.tsx
C:\Users\smitj\repos\vv\vv-landing\vv-landing\apps\corporate-website\corporate-version\layout-client.tsx
C:\Users\smitj\repos\vv\vv-landing\vv-landing\apps\corporate-website\corporate-version\layout.tsx
C:\Users\smitj\repos\vv\vv-landing\vv-landing\apps\corporate-website\corporate-version\login\client.tsx
C:\Users\smitj\repos\vv\vv-landing\vv-landing\apps\corporate-website\corporate-version\login\page.tsx
C:\Users\smitj\repos\vv\vv-landing\vv-landing\apps\corporate-website\corporate-version\marketing\client.tsx
C:\Users\smitj\repos\vv\vv-landing\vv-landing\apps\corporate-website\corporate-version\marketing\layout.tsx
C:\Users\smitj\repos\vv\vv-landing\vv-landing\apps\corporate-website\corporate-version\marketing\loading.tsx
C:\Users\smitj\repos\vv\vv-landing\vv-landing\apps\corporate-website\corporate-version\marketing\page.tsx
C:\Users\smitj\repos\vv\vv-landing\vv-landing\apps\corporate-website\corporate-version\page.tsx
C:\Users\smitj\repos\vv\vv-landing\vv-landing\apps\corporate-website\corporate-version\pricing\client.tsx
C:\Users\smitj\repos\vv\vv-landing\vv-landing\apps\corporate-website\corporate-version\pricing\page.tsx
C:\Users\smitj\repos\vv\vv-landing\vv-landing\apps\corporate-website\corporate-version\privacy\client.tsx
C:\Users\smitj\repos\vv\vv-landing\vv-landing\apps\corporate-website\corporate-version\privacy\page.tsx
C:\Users\smitj\repos\vv\vv-landing\vv-landing\apps\corporate-website\corporate-version\security\client.tsx
C:\Users\smitj\repos\vv\vv-landing\vv-landing\apps\corporate-website\corporate-version\security\page.tsx
C:\Users\smitj\repos\vv\vv-landing\vv-landing\apps\corporate-website\corporate-version\security\whitepaper\page.tsx
C:\Users\smitj\repos\vv\vv-landing\vv-landing\apps\corporate-website\corporate-version\signup\client.tsx
C:\Users\smitj\repos\vv\vv-landing\vv-landing\apps\corporate-website\corporate-version\signup\page.tsx
C:\Users\smitj\repos\vv\vv-landing\vv-landing\apps\corporate-website\corporate-version\solutions\client.tsx
C:\Users\smitj\repos\vv\vv-landing\vv-landing\apps\corporate-website\corporate-version\solutions\compliance\client.tsx
C:\Users\smitj\repos\vv\vv-landing\vv-landing\apps\corporate-website\corporate-version\solutions\compliance\page.tsx
C:\Users\smitj\repos\vv\vv-landing\vv-landing\apps\corporate-website\corporate-version\solutions\compliance\whitepaper\page.tsx
C:\Users\smitj\repos\vv\vv-landing\vv-landing\apps\corporate-website\corporate-version\solutions\page.tsx
C:\Users\smitj\repos\vv\vv-landing\vv-landing\apps\corporate-website\corporate-version\solutions\portfolio\client.tsx
C:\Users\smitj\repos\vv\vv-landing\vv-landing\apps\corporate-website\corporate-version\solutions\portfolio\page.tsx
C:\Users\smitj\repos\vv\vv-landing\vv-landing\apps\corporate-website\corporate-version\solutions\portfolio\whitepaper\page.tsx
C:\Users\smitj\repos\vv\vv-landing\vv-landing\apps\corporate-website\corporate-version\solutions\risk\client.tsx
C:\Users\smitj\repos\vv\vv-landing\vv-landing\apps\corporate-website\corporate-version\solutions\risk\page.tsx
C:\Users\smitj\repos\vv\vv-landing\vv-landing\apps\corporate-website\corporate-version\solutions\risk\whitepaper\page.tsx
C:\Users\smitj\repos\vv\vv-landing\vv-landing\apps\corporate-website\corporate-version\solutions\treasury\client.tsx
C:\Users\smitj\repos\vv\vv-landing\vv-landing\apps\corporate-website\corporate-version\solutions\treasury\components\treasury-case-study.tsx
C:\Users\smitj\repos\vv\vv-landing\vv-landing\apps\corporate-website\corporate-version\solutions\treasury\components\treasury-cta.tsx
C:\Users\smitj\repos\vv\vv-landing\vv-landing\apps\corporate-website\corporate-version\solutions\treasury\components\treasury-dashboard.tsx
C:\Users\smitj\repos\vv\vv-landing\vv-landing\apps\corporate-website\corporate-version\solutions\treasury\components\treasury-features.tsx
C:\Users\smitj\repos\vv\vv-landing\vv-landing\apps\corporate-website\corporate-version\solutions\treasury\components\treasury-hero.tsx
C:\Users\smitj\repos\vv\vv-landing\vv-landing\apps\corporate-website\corporate-version\solutions\treasury\page.tsx
C:\Users\smitj\repos\vv\vv-landing\vv-landing\apps\corporate-website\corporate-version\solutions\treasury\whitepaper\page.tsx
C:\Users\smitj\repos\vv\vv-landing\vv-landing\apps\corporate-website\corporate-version\terms\client.tsx
C:\Users\smitj\repos\vv\vv-landing\vv-landing\apps\corporate-website\corporate-version\terms\page.tsx
C:\Users\smitj\repos\vv\vv-landing\vv-landing\apps\corporate-website\corporate\dashboard\admin\page.tsx
C:\Users\smitj\repos\vv\vv-landing\vv-landing\apps\corporate-website\corporate\dashboard\ai-analytics\page.tsx
C:\Users\smitj\repos\vv\vv-landing\vv-landing\apps\corporate-website\corporate\dashboard\analytics\page.tsx
C:\Users\smitj\repos\vv\vv-landing\vv-landing\apps\corporate-website\corporate\dashboard\consumer\page.tsx
C:\Users\smitj\repos\vv\vv-landing\vv-landing\apps\corporate-website\corporate\dashboard\dashboard-content.tsx
C:\Users\smitj\repos\vv\vv-landing\vv-landing\apps\corporate-website\corporate\dashboard\events\page.tsx
C:\Users\smitj\repos\vv\vv-landing\vv-landing\apps\corporate-website\corporate\dashboard\flash-loans\page.tsx
C:\Users\smitj\repos\vv\vv-landing\vv-landing\apps\corporate-website\corporate\dashboard\layout.tsx
C:\Users\smitj\repos\vv\vv-landing\vv-landing\apps\corporate-website\corporate\dashboard\loading.tsx
C:\Users\smitj\repos\vv\vv-landing\vv-landing\apps\corporate-website\corporate\dashboard\market\page.tsx
C:\Users\smitj\repos\vv\vv-landing\vv-landing\apps\corporate-website\corporate\dashboard\model-portfolio\page.tsx
C:\Users\smitj\repos\vv\vv-landing\vv-landing\apps\corporate-website\corporate\dashboard\models.tsx
C:\Users\smitj\repos\vv\vv-landing\vv-landing\apps\corporate-website\corporate\dashboard\offchain\page.tsx
C:\Users\smitj\repos\vv\vv-landing\vv-landing\apps\corporate-website\corporate\dashboard\onchain\page.tsx
C:\Users\smitj\repos\vv\vv-landing\vv-landing\apps\corporate-website\corporate\dashboard\overview.module.css
C:\Users\smitj\repos\vv\vv-landing\vv-landing\apps\corporate-website\corporate\dashboard\overview.tsx
C:\Users\smitj\repos\vv\vv-landing\vv-landing\apps\corporate-website\corporate\dashboard\page.tsx
C:\Users\smitj\repos\vv\vv-landing\vv-landing\apps\corporate-website\corporate\dashboard\performance.tsx
C:\Users\smitj\repos\vv\vv-landing\vv-landing\apps\corporate-website\corporate\dashboard\performance\page.tsx
C:\Users\smitj\repos\vv\vv-landing\vv-landing\apps\corporate-website\corporate\dashboard\portfolio\page.tsx
C:\Users\smitj\repos\vv\vv-landing\vv-landing\apps\corporate-website\corporate\dashboard\risk-assessment\page.tsx
C:\Users\smitj\repos\vv\vv-landing\vv-landing\apps\corporate-website\corporate\dashboard\strategies\page.tsx
C:\Users\smitj\repos\vv\vv-landing\vv-landing\apps\corporate-website\corporate\dashboard\tezos-liquidity\page.tsx
C:\Users\smitj\repos\vv\vv-landing\vv-landing\apps\corporate-website\corporate\dashboard\treasury\page.tsx
C:\Users\smitj\repos\vv\vv-landing\vv-landing\apps\corporate-website\corporate\dashboard\voting.module.css
C:\Users\smitj\repos\vv\vv-landing\vv-landing\apps\corporate-website\corporate\dashboard\voting.tsx
C:\Users\smitj\repos\vv\vv-landing\vv-landing\apps\corporate-website\corporate\dashboard\voting\page.tsx
C:\Users\smitj\repos\vv\vv-landing\vv-landing\apps\corporate-website\corporate\dashboard\watchlist\page.tsx
C:\Users\smitj\repos\vv\vv-landing\vv-landing\apps\corporate-website\dashboard\protocols\page.tsx
C:\Users\smitj\repos\vv\vv-landing\vv-landing\apps\corporate-website\demo-mode\page.tsx
C:\Users\smitj\repos\vv\vv-landing\vv-landing\apps\corporate-website\demo\ClientPage.tsx
C:\Users\smitj\repos\vv\vv-landing\vv-landing\apps\corporate-website\demo\landing\layout.tsx
C:\Users\smitj\repos\vv\vv-landing\vv-landing\apps\corporate-website\demo\layout.tsx
C:\Users\smitj\repos\vv\vv-landing\vv-landing\apps\corporate-website\demo\loading.tsx
C:\Users\smitj\repos\vv\vv-landing\vv-landing\apps\corporate-website\enhanced-dark-theme.css
C:\Users\smitj\repos\vv\vv-landing\vv-landing\apps\corporate-website\globals-corporate.css
C:\Users\smitj\repos\vv\vv-landing\vv-landing\apps\corporate-website\globals-standard.css
C:\Users\smitj\repos\vv\vv-landing\vv-landing\apps\corporate-website\globals.css
C:\Users\smitj\repos\vv\vv-landing\vv-landing\apps\corporate-website\google-analytics.tsx
C:\Users\smitj\repos\vv\vv-landing\vv-landing\apps\corporate-website\hero-showcase\page.tsx
C:\Users\smitj\repos\vv\vv-landing\vv-landing\apps\corporate-website\how-it-works\page.tsx
C:\Users\smitj\repos\vv\vv-landing\vv-landing\apps\corporate-website\layout-with-mocks.tsx
C:\Users\smitj\repos\vv\vv-landing\vv-landing\apps\corporate-website\layout.tsx
C:\Users\smitj\repos\vv\vv-landing\vv-landing\apps\corporate-website\light-mode.css
C:\Users\smitj\repos\vv\vv-landing\vv-landing\apps\corporate-website\login\client.tsx
C:\Users\smitj\repos\vv\vv-landing\vv-landing\apps\corporate-website\login\page.tsx
C:\Users\smitj\repos\vv\vv-landing\vv-landing\apps\corporate-website\mocks.ts
C:\Users\smitj\repos\vv\vv-landing\vv-landing\apps\corporate-website\page.tsx
C:\Users\smitj\repos\vv\vv-landing\vv-landing\apps\corporate-website\providers.tsx
C:\Users\smitj\repos\vv\vv-landing\vv-landing\apps\corporate-website\screenshot-match.css
C:\Users\smitj\repos\vv\vv-landing\vv-landing\apps\corporate-website\sitemap.ts
C:\Users\smitj\repos\vv\vv-landing\vv-landing\apps\corporate-website\standard-demo\landing\page.tsx
C:\Users\smitj\repos\vv\vv-landing\vv-landing\apps\corporate-website\standard-demo\page.tsx
C:\Users\smitj\repos\vv\vv-landing\vv-landing\apps\corporate-website\standard-design-tokens.css
C:\Users\smitj\repos\vv\vv-landing\vv-landing\apps\corporate-website\standard-variables.css
C:\Users\smitj\repos\vv\vv-landing\vv-landing\apps\corporate-website\standard-version\dashboard\loading.tsx
C:\Users\smitj\repos\vv\vv-landing\vv-landing\apps\corporate-website\standard-version\dashboard\page.server.tsx
C:\Users\smitj\repos\vv\vv-landing\vv-landing\apps\corporate-website\standard-version\dashboard\page.tsx
C:\Users\smitj\repos\vv\vv-landing\vv-landing\apps\corporate-website\standard-version\marketing\loading.tsx
C:\Users\smitj\repos\vv\vv-landing\vv-landing\apps\corporate-website\standard-version\marketing\page.tsx
C:\Users\smitj\repos\vv\vv-landing\vv-landing\apps\corporate-website\standard-version\page.tsx
C:\Users\smitj\repos\vv\vv-landing\vv-landing\apps\corporate-website\theme-initializer-client.tsx
C:\Users\smitj\repos\vv\vv-landing\vv-landing\apps\corporate-website\theme-initializer.tsx
C:\Users\smitj\repos\vv\vv-landing\vv-landing\apps\corporate-website\theme-script.tsx
C:\Users\smitj\repos\vv\vv-landing\vv-landing\apps\corporate-website\theme-transitions.css
C:\Users\smitj\repos\vv\vv-landing\vv-landing\apps\corporate-website\theme-variables.css
C:\Users\smitj\repos\vv\vv-landing\vv-landing\apps\corporate-website\version-theme-variables.css
C:\Users\smitj\repos\vv\vv-landing\vv-landing\apps\corporate-website\VersionSelectionPage.module.css
C:\Users\smitj\repos\vv\vv-landing\vv-landing\apps\corporate-website\VersionSelectionPage.tsx
C:\Users\smitj\repos\vv\vv-landing\vv-landing\apps\corporate-website\VersionSelectionPageBridge.tsx
C:\Users\smitj\repos\vv\vv-landing\vv-landing\apps\corporate-website\whitepaper\page.tsx
C:\Users\smitj\repos\vv\vv-landing\vv-landing\apps\pwa-app\(corporate)\corporate\login\page.tsx
C:\Users\smitj\repos\vv\vv-landing\vv-landing\apps\pwa-app\(corporate)\corporate\page.tsx
C:\Users\smitj\repos\vv\vv-landing\vv-landing\apps\pwa-app\(corporate)\corporate\register\page.tsx
C:\Users\smitj\repos\vv\vv-landing\vv-landing\apps\pwa-app\(corporate)\metadata.tsx
C:\Users\smitj\repos\vv\vv-landing\vv-landing\apps\pwa-app\(dashboard)\analytics\custom-dimensions\loading.tsx
C:\Users\smitj\repos\vv\vv-landing\vv-landing\apps\pwa-app\(dashboard)\analytics\custom-dimensions\page.tsx
C:\Users\smitj\repos\vv\vv-landing\vv-landing\apps\pwa-app\(dashboard)\analytics\funnel-guide\loading.tsx
C:\Users\smitj\repos\vv\vv-landing\vv-landing\apps\pwa-app\(dashboard)\analytics\funnel-guide\page.tsx
C:\Users\smitj\repos\vv\vv-landing\vv-landing\apps\pwa-app\(dashboard)\analytics\historical\page.tsx
C:\Users\smitj\repos\vv\vv-landing\vv-landing\apps\pwa-app\(dashboard)\analytics\loading.tsx
C:\Users\smitj\repos\vv\vv-landing\vv-landing\apps\pwa-app\(dashboard)\analytics\page.tsx
C:\Users\smitj\repos\vv\vv-landing\vv-landing\apps\pwa-app\(dashboard)\analytics\reports\loading.tsx
C:\Users\smitj\repos\vv\vv-landing\vv-landing\apps\pwa-app\(dashboard)\analytics\reports\page.tsx
C:\Users\smitj\repos\vv\vv-landing\vv-landing\apps\pwa-app\(dashboard)\analytics\usage\loading.tsx
C:\Users\smitj\repos\vv\vv-landing\vv-landing\apps\pwa-app\(dashboard)\analytics\usage\page.tsx
C:\Users\smitj\repos\vv\vv-landing\vv-landing\apps\pwa-app\(dashboard)\analytics\verification\loading.tsx
C:\Users\smitj\repos\vv\vv-landing\vv-landing\apps\pwa-app\(dashboard)\analytics\verification\page.tsx
C:\Users\smitj\repos\vv\vv-landing\vv-landing\apps\pwa-app\(dashboard)\dashboard\loading.tsx
C:\Users\smitj\repos\vv\vv-landing\vv-landing\apps\pwa-app\(dashboard)\dashboard\page.tsx
C:\Users\smitj\repos\vv\vv-landing\vv-landing\apps\pwa-app\(dashboard)\flash-loans\page.tsx
C:\Users\smitj\repos\vv\vv-landing\vv-landing\apps\pwa-app\(dashboard)\layout.tsx
C:\Users\smitj\repos\vv\vv-landing\vv-landing\apps\pwa-app\(dashboard)\pools\[id]\page.tsx
C:\Users\smitj\repos\vv\vv-landing\vv-landing\apps\pwa-app\(dashboard)\pools\page.tsx
C:\Users\smitj\repos\vv\vv-landing\vv-landing\apps\pwa-app\(dashboard)\profile\page.tsx
C:\Users\smitj\repos\vv\vv-landing\vv-landing\apps\pwa-app\(dashboard)\risk-assessment\page.tsx
C:\Users\smitj\repos\vv\vv-landing\vv-landing\apps\pwa-app\(dashboard)\settings\page.tsx
C:\Users\smitj\repos\vv\vv-landing\vv-landing\apps\pwa-app\(dashboard)\strategies\[id]\page.tsx
C:\Users\smitj\repos\vv\vv-landing\vv-landing\apps\pwa-app\(dashboard)\strategies\manage\page.tsx
C:\Users\smitj\repos\vv\vv-landing\vv-landing\apps\pwa-app\(dashboard)\strategies\page.tsx
C:\Users\smitj\repos\vv\vv-landing\vv-landing\apps\pwa-app\(marketing)\layout.tsx
C:\Users\smitj\repos\vv\vv-landing\vv-landing\apps\pwa-app\(standard)\layout.tsx
C:\Users\smitj\repos\vv\vv-landing\vv-landing\apps\pwa-app\(standard)\metadata.tsx
C:\Users\smitj\repos\vv\vv-landing\vv-landing\apps\pwa-app\(standard)\standard\login\page.tsx
C:\Users\smitj\repos\vv\vv-landing\vv-landing\apps\pwa-app\(standard)\standard\page.tsx
C:\Users\smitj\repos\vv\vv-landing\vv-landing\apps\pwa-app\(standard)\standard\register\page.tsx
C:\Users\smitj\repos\vv\vv-landing\vv-landing\apps\pwa-app\actions\send-email.ts
C:\Users\smitj\repos\vv\vv-landing\vv-landing\apps\pwa-app\admin\page.tsx
C:\Users\smitj\repos\vv\vv-landing\vv-landing\apps\pwa-app\ai-features\page.tsx
C:\Users\smitj\repos\vv\vv-landing\vv-landing\apps\pwa-app\api\activities\recent\route.ts
C:\Users\smitj\repos\vv\vv-landing\vv-landing\apps\pwa-app\api\activities\route.ts
C:\Users\smitj\repos\vv\vv-landing\vv-landing\apps\pwa-app\api\ai\analyze-pools\route.ts
C:\Users\smitj\repos\vv\vv-landing\vv-landing\apps\pwa-app\api\ai\generate-strategy\route.ts
C:\Users\smitj\repos\vv\vv-landing\vv-landing\apps\pwa-app\api\ai\generate-visualization\route.ts
C:\Users\smitj\repos\vv\vv-landing\vv-landing\apps\pwa-app\api\ai\risk-assessment\route.ts
C:\Users\smitj\repos\vv\vv-landing\vv-landing\apps\pwa-app\api\ai\route.ts
C:\Users\smitj\repos\vv\vv-landing\vv-landing\apps\pwa-app\api\analytics\route.ts
C:\Users\smitj\repos\vv\vv-landing\vv-landing\apps\pwa-app\api\auth\[...nextauth]\route.ts
C:\Users\smitj\repos\vv\vv-landing\vv-landing\apps\pwa-app\api\auth\github\callback\route.ts
C:\Users\smitj\repos\vv\vv-landing\vv-landing\apps\pwa-app\api\auth\github\route.ts
C:\Users\smitj\repos\vv\vv-landing\vv-landing\apps\pwa-app\api\auth\login\route.ts
C:\Users\smitj\repos\vv\vv-landing\vv-landing\apps\pwa-app\api\content\[id]\route.ts
C:\Users\smitj\repos\vv\vv-landing\vv-landing\apps\pwa-app\api\content\page\[page]\route.ts
C:\Users\smitj\repos\vv\vv-landing\vv-landing\apps\pwa-app\api\content\route.ts
C:\Users\smitj\repos\vv\vv-landing\vv-landing\apps\pwa-app\api\cron\sync\route.ts
C:\Users\smitj\repos\vv\vv-landing\vv-landing\apps\pwa-app\api\dashboard\overview\route.ts
C:\Users\smitj\repos\vv\vv-landing\vv-landing\apps\pwa-app\api\dashboard\performance\route.ts
C:\Users\smitj\repos\vv\vv-landing\vv-landing\apps\pwa-app\api\defi-data\route.ts
C:\Users\smitj\repos\vv\vv-landing\vv-landing\apps\pwa-app\api\events\route.ts
C:\Users\smitj\repos\vv\vv-landing\vv-landing\apps\pwa-app\api\events\upcoming\route.ts
C:\Users\smitj\repos\vv\vv-landing\vv-landing\apps\pwa-app\api\goldsky\historical-data\route.ts
C:\Users\smitj\repos\vv\vv-landing\vv-landing\apps\pwa-app\api\goldsky\protocols\route.ts
C:\Users\smitj\repos\vv\vv-landing\vv-landing\apps\pwa-app\api\investor-metrics\route.ts
C:\Users\smitj\repos\vv\vv-landing\vv-landing\apps\pwa-app\api\liquidity-pools\[id]\performance\route.ts
C:\Users\smitj\repos\vv\vv-landing\vv-landing\apps\pwa-app\api\liquidity-pools\[id]\route.ts
C:\Users\smitj\repos\vv\vv-landing\vv-landing\apps\pwa-app\api\liquidity-pools\route.ts
C:\Users\smitj\repos\vv\vv-landing\vv-landing\apps\pwa-app\api\market-data\route.ts
C:\Users\smitj\repos\vv\vv-landing\vv-landing\apps\pwa-app\api\navigation\group\[group]\route.ts
C:\Users\smitj\repos\vv\vv-landing\vv-landing\apps\pwa-app\api\navigation\route.ts
C:\Users\smitj\repos\vv\vv-landing\vv-landing\apps\pwa-app\api\og\corporate\route.tsx
C:\Users\smitj\repos\vv\vv-landing\vv-landing\apps\pwa-app\api\og\standard\route.tsx
C:\Users\smitj\repos\vv\vv-landing\vv-landing\apps\pwa-app\api\portfolio\summary\route.ts
C:\Users\smitj\repos\vv\vv-landing\vv-landing\apps\pwa-app\api\process-status\[id]\route.ts
C:\Users\smitj\repos\vv\vv-landing\vv-landing\apps\pwa-app\api\profiles\me\route.ts
C:\Users\smitj\repos\vv\vv-landing\vv-landing\apps\pwa-app\api\protocol-metrics\route.ts
C:\Users\smitj\repos\vv\vv-landing\vv-landing\apps\pwa-app\api\risk-assessment\route.ts
C:\Users\smitj\repos\vv\vv-landing\vv-landing\apps\pwa-app\api\send-email\route.ts
C:\Users\smitj\repos\vv\vv-landing\vv-landing\apps\pwa-app\api\settings\[key]\route.ts
C:\Users\smitj\repos\vv\vv-landing\vv-landing\apps\pwa-app\api\settings\route.ts
C:\Users\smitj\repos\vv\vv-landing\vv-landing\apps\pwa-app\api\sync\route.ts
C:\Users\smitj\repos\vv\vv-landing\vv-landing\apps\pwa-app\api\voting\active-proposals\route.ts
C:\Users\smitj\repos\vv\vv-landing\vv-landing\apps\pwa-app\api\voting\overview\route.ts
C:\Users\smitj\repos\vv\vv-landing\vv-landing\apps\pwa-app\api\voting\past-proposals\route.ts
C:\Users\smitj\repos\vv\vv-landing\vv-landing\apps\pwa-app\api\voting\vote\route.ts
C:\Users\smitj\repos\vv\vv-landing\vv-landing\apps\pwa-app\app\(corporate)\corporate\login\page.tsx
C:\Users\smitj\repos\vv\vv-landing\vv-landing\apps\pwa-app\app\(corporate)\corporate\page.tsx
C:\Users\smitj\repos\vv\vv-landing\vv-landing\apps\pwa-app\app\(corporate)\corporate\register\page.tsx
C:\Users\smitj\repos\vv\vv-landing\vv-landing\apps\pwa-app\app\(corporate)\metadata.tsx
C:\Users\smitj\repos\vv\vv-landing\vv-landing\apps\pwa-app\app\(dashboard)\analytics\custom-dimensions\loading.tsx
C:\Users\smitj\repos\vv\vv-landing\vv-landing\apps\pwa-app\app\(dashboard)\analytics\custom-dimensions\page.tsx
C:\Users\smitj\repos\vv\vv-landing\vv-landing\apps\pwa-app\app\(dashboard)\analytics\funnel-guide\loading.tsx
C:\Users\smitj\repos\vv\vv-landing\vv-landing\apps\pwa-app\app\(dashboard)\analytics\funnel-guide\page.tsx
C:\Users\smitj\repos\vv\vv-landing\vv-landing\apps\pwa-app\app\(dashboard)\analytics\historical\page.tsx
C:\Users\smitj\repos\vv\vv-landing\vv-landing\apps\pwa-app\app\(dashboard)\analytics\loading.tsx
C:\Users\smitj\repos\vv\vv-landing\vv-landing\apps\pwa-app\app\(dashboard)\analytics\page.tsx
C:\Users\smitj\repos\vv\vv-landing\vv-landing\apps\pwa-app\app\(dashboard)\analytics\reports\loading.tsx
C:\Users\smitj\repos\vv\vv-landing\vv-landing\apps\pwa-app\app\(dashboard)\analytics\reports\page.tsx
C:\Users\smitj\repos\vv\vv-landing\vv-landing\apps\pwa-app\app\(dashboard)\analytics\usage\loading.tsx
C:\Users\smitj\repos\vv\vv-landing\vv-landing\apps\pwa-app\app\(dashboard)\analytics\usage\page.tsx
C:\Users\smitj\repos\vv\vv-landing\vv-landing\apps\pwa-app\app\(dashboard)\analytics\verification\loading.tsx
C:\Users\smitj\repos\vv\vv-landing\vv-landing\apps\pwa-app\app\(dashboard)\analytics\verification\page.tsx
C:\Users\smitj\repos\vv\vv-landing\vv-landing\apps\pwa-app\app\(dashboard)\dashboard\loading.tsx
C:\Users\smitj\repos\vv\vv-landing\vv-landing\apps\pwa-app\app\(dashboard)\dashboard\page.tsx
C:\Users\smitj\repos\vv\vv-landing\vv-landing\apps\pwa-app\app\(dashboard)\flash-loans\page.tsx
C:\Users\smitj\repos\vv\vv-landing\vv-landing\apps\pwa-app\app\(dashboard)\layout.tsx
C:\Users\smitj\repos\vv\vv-landing\vv-landing\apps\pwa-app\app\(dashboard)\pools\[id]\page.tsx
C:\Users\smitj\repos\vv\vv-landing\vv-landing\apps\pwa-app\app\(dashboard)\pools\page.tsx
C:\Users\smitj\repos\vv\vv-landing\vv-landing\apps\pwa-app\app\(dashboard)\profile\page.tsx
C:\Users\smitj\repos\vv\vv-landing\vv-landing\apps\pwa-app\app\(dashboard)\risk-assessment\page.tsx
C:\Users\smitj\repos\vv\vv-landing\vv-landing\apps\pwa-app\app\(dashboard)\settings\page.tsx
C:\Users\smitj\repos\vv\vv-landing\vv-landing\apps\pwa-app\app\(dashboard)\strategies\[id]\page.tsx
C:\Users\smitj\repos\vv\vv-landing\vv-landing\apps\pwa-app\app\(dashboard)\strategies\manage\page.tsx
C:\Users\smitj\repos\vv\vv-landing\vv-landing\apps\pwa-app\app\(dashboard)\strategies\page.tsx
C:\Users\smitj\repos\vv\vv-landing\vv-landing\apps\pwa-app\app\(marketing)\layout.tsx
C:\Users\smitj\repos\vv\vv-landing\vv-landing\apps\pwa-app\app\(standard)\layout.tsx
C:\Users\smitj\repos\vv\vv-landing\vv-landing\apps\pwa-app\app\(standard)\metadata.tsx
C:\Users\smitj\repos\vv\vv-landing\vv-landing\apps\pwa-app\app\(standard)\standard\login\page.tsx
C:\Users\smitj\repos\vv\vv-landing\vv-landing\apps\pwa-app\app\(standard)\standard\page.tsx
C:\Users\smitj\repos\vv\vv-landing\vv-landing\apps\pwa-app\app\(standard)\standard\register\page.tsx
C:\Users\smitj\repos\vv\vv-landing\vv-landing\apps\pwa-app\app\actions\send-email.ts
C:\Users\smitj\repos\vv\vv-landing\vv-landing\apps\pwa-app\app\admin\page.tsx
C:\Users\smitj\repos\vv\vv-landing\vv-landing\apps\pwa-app\app\ai-features\page.tsx
C:\Users\smitj\repos\vv\vv-landing\vv-landing\apps\pwa-app\app\api\activities\recent\route.ts
C:\Users\smitj\repos\vv\vv-landing\vv-landing\apps\pwa-app\app\api\activities\route.ts
C:\Users\smitj\repos\vv\vv-landing\vv-landing\apps\pwa-app\app\api\ai\analyze-pools\route.ts
C:\Users\smitj\repos\vv\vv-landing\vv-landing\apps\pwa-app\app\api\ai\generate-strategy\route.ts
C:\Users\smitj\repos\vv\vv-landing\vv-landing\apps\pwa-app\app\api\ai\generate-visualization\route.ts
C:\Users\smitj\repos\vv\vv-landing\vv-landing\apps\pwa-app\app\api\ai\risk-assessment\route.ts
C:\Users\smitj\repos\vv\vv-landing\vv-landing\apps\pwa-app\app\api\ai\route.ts
C:\Users\smitj\repos\vv\vv-landing\vv-landing\apps\pwa-app\app\api\analytics\route.ts
C:\Users\smitj\repos\vv\vv-landing\vv-landing\apps\pwa-app\app\api\auth\[...nextauth]\route.ts
C:\Users\smitj\repos\vv\vv-landing\vv-landing\apps\pwa-app\app\api\auth\github\callback\route.ts
C:\Users\smitj\repos\vv\vv-landing\vv-landing\apps\pwa-app\app\api\auth\github\route.ts
C:\Users\smitj\repos\vv\vv-landing\vv-landing\apps\pwa-app\app\api\auth\login\route.ts
C:\Users\smitj\repos\vv\vv-landing\vv-landing\apps\pwa-app\app\api\content\[id]\route.ts
C:\Users\smitj\repos\vv\vv-landing\vv-landing\apps\pwa-app\app\api\content\page\[page]\route.ts
C:\Users\smitj\repos\vv\vv-landing\vv-landing\apps\pwa-app\app\api\content\route.ts
C:\Users\smitj\repos\vv\vv-landing\vv-landing\apps\pwa-app\app\api\cron\sync\route.ts
C:\Users\smitj\repos\vv\vv-landing\vv-landing\apps\pwa-app\app\api\dashboard\overview\route.ts
C:\Users\smitj\repos\vv\vv-landing\vv-landing\apps\pwa-app\app\api\dashboard\performance\route.ts
C:\Users\smitj\repos\vv\vv-landing\vv-landing\apps\pwa-app\app\api\defi-data\route.ts
C:\Users\smitj\repos\vv\vv-landing\vv-landing\apps\pwa-app\app\api\events\route.ts
C:\Users\smitj\repos\vv\vv-landing\vv-landing\apps\pwa-app\app\api\events\upcoming\route.ts
C:\Users\smitj\repos\vv\vv-landing\vv-landing\apps\pwa-app\app\api\goldsky\historical-data\route.ts
C:\Users\smitj\repos\vv\vv-landing\vv-landing\apps\pwa-app\app\api\goldsky\protocols\route.ts
C:\Users\smitj\repos\vv\vv-landing\vv-landing\apps\pwa-app\app\api\investor-metrics\route.ts
C:\Users\smitj\repos\vv\vv-landing\vv-landing\apps\pwa-app\app\api\liquidity-pools\[id]\performance\route.ts
C:\Users\smitj\repos\vv\vv-landing\vv-landing\apps\pwa-app\app\api\liquidity-pools\[id]\route.ts
C:\Users\smitj\repos\vv\vv-landing\vv-landing\apps\pwa-app\app\api\liquidity-pools\route.ts
C:\Users\smitj\repos\vv\vv-landing\vv-landing\apps\pwa-app\app\api\market-data\route.ts
C:\Users\smitj\repos\vv\vv-landing\vv-landing\apps\pwa-app\app\api\navigation\group\[group]\route.ts
C:\Users\smitj\repos\vv\vv-landing\vv-landing\apps\pwa-app\app\api\navigation\route.ts
C:\Users\smitj\repos\vv\vv-landing\vv-landing\apps\pwa-app\app\api\og\corporate\route.tsx
C:\Users\smitj\repos\vv\vv-landing\vv-landing\apps\pwa-app\app\api\og\standard\route.tsx
C:\Users\smitj\repos\vv\vv-landing\vv-landing\apps\pwa-app\app\api\portfolio\summary\route.ts
C:\Users\smitj\repos\vv\vv-landing\vv-landing\apps\pwa-app\app\api\process-status\[id]\route.ts
C:\Users\smitj\repos\vv\vv-landing\vv-landing\apps\pwa-app\app\api\profiles\me\route.ts
C:\Users\smitj\repos\vv\vv-landing\vv-landing\apps\pwa-app\app\api\protocol-metrics\route.ts
C:\Users\smitj\repos\vv\vv-landing\vv-landing\apps\pwa-app\app\api\risk-assessment\route.ts
C:\Users\smitj\repos\vv\vv-landing\vv-landing\apps\pwa-app\app\api\send-email\route.ts
C:\Users\smitj\repos\vv\vv-landing\vv-landing\apps\pwa-app\app\api\settings\[key]\route.ts
C:\Users\smitj\repos\vv\vv-landing\vv-landing\apps\pwa-app\app\api\settings\route.ts
C:\Users\smitj\repos\vv\vv-landing\vv-landing\apps\pwa-app\app\api\sync\route.ts
C:\Users\smitj\repos\vv\vv-landing\vv-landing\apps\pwa-app\app\api\voting\active-proposals\route.ts
C:\Users\smitj\repos\vv\vv-landing\vv-landing\apps\pwa-app\app\api\voting\overview\route.ts
C:\Users\smitj\repos\vv\vv-landing\vv-landing\apps\pwa-app\app\api\voting\past-proposals\route.ts
C:\Users\smitj\repos\vv\vv-landing\vv-landing\apps\pwa-app\app\api\voting\vote\route.ts
C:\Users\smitj\repos\vv\vv-landing\vv-landing\apps\pwa-app\app\auth\callback\route.ts
C:\Users\smitj\repos\vv\vv-landing\vv-landing\apps\pwa-app\app\auth\layout.tsx
C:\Users\smitj\repos\vv\vv-landing\vv-landing\apps\pwa-app\app\auth\login\loading.tsx
C:\Users\smitj\repos\vv\vv-landing\vv-landing\apps\pwa-app\app\auth\login\page.tsx
C:\Users\smitj\repos\vv\vv-landing\vv-landing\apps\pwa-app\app\auth\register\page.tsx
C:\Users\smitj\repos\vv\vv-landing\vv-landing\apps\pwa-app\app\auth\reset-password\page.tsx
C:\Users\smitj\repos\vv\vv-landing\vv-landing\apps\pwa-app\app\auth\update-password\page.tsx
C:\Users\smitj\repos\vv\vv-landing\vv-landing\apps\pwa-app\app\brand\page.tsx
C:\Users\smitj\repos\vv\vv-landing\vv-landing\apps\pwa-app\app\ClientPage.tsx
C:\Users\smitj\repos\vv\vv-landing\vv-landing\apps\pwa-app\app\compare\loading.tsx
C:\Users\smitj\repos\vv\vv-landing\vv-landing\apps\pwa-app\app\compare\page.tsx
C:\Users\smitj\repos\vv\vv-landing\vv-landing\apps\pwa-app\app\components\version-selection\CorporateVersionCard.tsx
C:\Users\smitj\repos\vv\vv-landing\vv-landing\apps\pwa-app\app\components\version-selection\StandardVersionCard.tsx
C:\Users\smitj\repos\vv\vv-landing\vv-landing\apps\pwa-app\app\components\version-selection\ThemeSelectionModal.module.css
C:\Users\smitj\repos\vv\vv-landing\vv-landing\apps\pwa-app\app\components\version-selection\ThemeSelectionModal.tsx
C:\Users\smitj\repos\vv\vv-landing\vv-landing\apps\pwa-app\app\components\version-selection\VersionBackground.tsx
C:\Users\smitj\repos\vv\vv-landing\vv-landing\apps\pwa-app\app\components\version-selection\VersionCard.module.css
C:\Users\smitj\repos\vv\vv-landing\vv-landing\apps\pwa-app\app\components\version-selection\VersionCardFeatureList.tsx
C:\Users\smitj\repos\vv\vv-landing\vv-landing\apps\pwa-app\app\components\version-selection\VersionCardFooter.tsx
C:\Users\smitj\repos\vv\vv-landing\vv-landing\apps\pwa-app\app\components\version-selection\VersionCardHeader.tsx
C:\Users\smitj\repos\vv\vv-landing\vv-landing\apps\pwa-app\app\components\version-selection\VersionFooter.tsx
C:\Users\smitj\repos\vv\vv-landing\vv-landing\apps\pwa-app\app\components\version-selection\VersionHeader.tsx
C:\Users\smitj\repos\vv\vv-landing\vv-landing\apps\pwa-app\app\contact\page.tsx
C:\Users\smitj\repos\vv\vv-landing\vv-landing\apps\pwa-app\app\corporate-version\about\client.tsx
C:\Users\smitj\repos\vv\vv-landing\vv-landing\apps\pwa-app\app\corporate-version\about\page.tsx
C:\Users\smitj\repos\vv\vv-landing\vv-landing\apps\pwa-app\app\corporate-version\careers\client.tsx
C:\Users\smitj\repos\vv\vv-landing\vv-landing\apps\pwa-app\app\corporate-version\careers\page.tsx
C:\Users\smitj\repos\vv\vv-landing\vv-landing\apps\pwa-app\app\corporate-version\client.tsx
C:\Users\smitj\repos\vv\vv-landing\vv-landing\apps\pwa-app\app\corporate-version\compliance\client.tsx
C:\Users\smitj\repos\vv\vv-landing\vv-landing\apps\pwa-app\app\corporate-version\compliance\page.tsx
C:\Users\smitj\repos\vv\vv-landing\vv-landing\apps\pwa-app\app\corporate-version\compliance\whitepaper\page.tsx
C:\Users\smitj\repos\vv\vv-landing\vv-landing\apps\pwa-app\app\corporate-version\contact\client.tsx
C:\Users\smitj\repos\vv\vv-landing\vv-landing\apps\pwa-app\app\corporate-version\contact\page.tsx
C:\Users\smitj\repos\vv\vv-landing\vv-landing\apps\pwa-app\app\corporate-version\cookies\client.tsx
C:\Users\smitj\repos\vv\vv-landing\vv-landing\apps\pwa-app\app\corporate-version\cookies\page.tsx
C:\Users\smitj\repos\vv\vv-landing\vv-landing\apps\pwa-app\app\corporate-version\demo\client.tsx
C:\Users\smitj\repos\vv\vv-landing\vv-landing\apps\pwa-app\app\corporate-version\demo\page.tsx
C:\Users\smitj\repos\vv\vv-landing\vv-landing\apps\pwa-app\app\corporate-version\forgot-password\client.tsx
C:\Users\smitj\repos\vv\vv-landing\vv-landing\apps\pwa-app\app\corporate-version\forgot-password\page.tsx
C:\Users\smitj\repos\vv\vv-landing\vv-landing\apps\pwa-app\app\corporate-version\layout-client.tsx
C:\Users\smitj\repos\vv\vv-landing\vv-landing\apps\pwa-app\app\corporate-version\layout.tsx
C:\Users\smitj\repos\vv\vv-landing\vv-landing\apps\pwa-app\app\corporate-version\login\client.tsx
C:\Users\smitj\repos\vv\vv-landing\vv-landing\apps\pwa-app\app\corporate-version\login\page.tsx
C:\Users\smitj\repos\vv\vv-landing\vv-landing\apps\pwa-app\app\corporate-version\marketing\client.tsx
C:\Users\smitj\repos\vv\vv-landing\vv-landing\apps\pwa-app\app\corporate-version\marketing\layout.tsx
C:\Users\smitj\repos\vv\vv-landing\vv-landing\apps\pwa-app\app\corporate-version\marketing\loading.tsx
C:\Users\smitj\repos\vv\vv-landing\vv-landing\apps\pwa-app\app\corporate-version\marketing\page.tsx
C:\Users\smitj\repos\vv\vv-landing\vv-landing\apps\pwa-app\app\corporate-version\page.tsx
C:\Users\smitj\repos\vv\vv-landing\vv-landing\apps\pwa-app\app\corporate-version\pricing\client.tsx
C:\Users\smitj\repos\vv\vv-landing\vv-landing\apps\pwa-app\app\corporate-version\pricing\page.tsx
C:\Users\smitj\repos\vv\vv-landing\vv-landing\apps\pwa-app\app\corporate-version\privacy\client.tsx
C:\Users\smitj\repos\vv\vv-landing\vv-landing\apps\pwa-app\app\corporate-version\privacy\page.tsx
C:\Users\smitj\repos\vv\vv-landing\vv-landing\apps\pwa-app\app\corporate-version\security\client.tsx
C:\Users\smitj\repos\vv\vv-landing\vv-landing\apps\pwa-app\app\corporate-version\security\page.tsx
C:\Users\smitj\repos\vv\vv-landing\vv-landing\apps\pwa-app\app\corporate-version\security\whitepaper\page.tsx
C:\Users\smitj\repos\vv\vv-landing\vv-landing\apps\pwa-app\app\corporate-version\signup\client.tsx
C:\Users\smitj\repos\vv\vv-landing\vv-landing\apps\pwa-app\app\corporate-version\signup\page.tsx
C:\Users\smitj\repos\vv\vv-landing\vv-landing\apps\pwa-app\app\corporate-version\solutions\client.tsx
C:\Users\smitj\repos\vv\vv-landing\vv-landing\apps\pwa-app\app\corporate-version\solutions\compliance\client.tsx
C:\Users\smitj\repos\vv\vv-landing\vv-landing\apps\pwa-app\app\corporate-version\solutions\compliance\page.tsx
C:\Users\smitj\repos\vv\vv-landing\vv-landing\apps\pwa-app\app\corporate-version\solutions\compliance\whitepaper\page.tsx
C:\Users\smitj\repos\vv\vv-landing\vv-landing\apps\pwa-app\app\corporate-version\solutions\page.tsx
C:\Users\smitj\repos\vv\vv-landing\vv-landing\apps\pwa-app\app\corporate-version\solutions\portfolio\client.tsx
C:\Users\smitj\repos\vv\vv-landing\vv-landing\apps\pwa-app\app\corporate-version\solutions\portfolio\page.tsx
C:\Users\smitj\repos\vv\vv-landing\vv-landing\apps\pwa-app\app\corporate-version\solutions\portfolio\whitepaper\page.tsx
C:\Users\smitj\repos\vv\vv-landing\vv-landing\apps\pwa-app\app\corporate-version\solutions\risk\client.tsx
C:\Users\smitj\repos\vv\vv-landing\vv-landing\apps\pwa-app\app\corporate-version\solutions\risk\page.tsx
C:\Users\smitj\repos\vv\vv-landing\vv-landing\apps\pwa-app\app\corporate-version\solutions\risk\whitepaper\page.tsx
C:\Users\smitj\repos\vv\vv-landing\vv-landing\apps\pwa-app\app\corporate-version\solutions\treasury\client.tsx
C:\Users\smitj\repos\vv\vv-landing\vv-landing\apps\pwa-app\app\corporate-version\solutions\treasury\components\treasury-case-study.tsx
C:\Users\smitj\repos\vv\vv-landing\vv-landing\apps\pwa-app\app\corporate-version\solutions\treasury\components\treasury-cta.tsx
C:\Users\smitj\repos\vv\vv-landing\vv-landing\apps\pwa-app\app\corporate-version\solutions\treasury\components\treasury-dashboard.tsx
C:\Users\smitj\repos\vv\vv-landing\vv-landing\apps\pwa-app\app\corporate-version\solutions\treasury\components\treasury-features.tsx
C:\Users\smitj\repos\vv\vv-landing\vv-landing\apps\pwa-app\app\corporate-version\solutions\treasury\components\treasury-hero.tsx
C:\Users\smitj\repos\vv\vv-landing\vv-landing\apps\pwa-app\app\corporate-version\solutions\treasury\page.tsx
C:\Users\smitj\repos\vv\vv-landing\vv-landing\apps\pwa-app\app\corporate-version\solutions\treasury\whitepaper\page.tsx
C:\Users\smitj\repos\vv\vv-landing\vv-landing\apps\pwa-app\app\corporate-version\terms\client.tsx
C:\Users\smitj\repos\vv\vv-landing\vv-landing\apps\pwa-app\app\corporate-version\terms\page.tsx
C:\Users\smitj\repos\vv\vv-landing\vv-landing\apps\pwa-app\app\corporate\dashboard\admin\page.tsx
C:\Users\smitj\repos\vv\vv-landing\vv-landing\apps\pwa-app\app\corporate\dashboard\ai-analytics\page.tsx
C:\Users\smitj\repos\vv\vv-landing\vv-landing\apps\pwa-app\app\corporate\dashboard\analytics\page.tsx
C:\Users\smitj\repos\vv\vv-landing\vv-landing\apps\pwa-app\app\corporate\dashboard\consumer\page.tsx
C:\Users\smitj\repos\vv\vv-landing\vv-landing\apps\pwa-app\app\corporate\dashboard\dashboard-content.tsx
C:\Users\smitj\repos\vv\vv-landing\vv-landing\apps\pwa-app\app\corporate\dashboard\events\page.tsx
C:\Users\smitj\repos\vv\vv-landing\vv-landing\apps\pwa-app\app\corporate\dashboard\flash-loans\page.tsx
C:\Users\smitj\repos\vv\vv-landing\vv-landing\apps\pwa-app\app\corporate\dashboard\layout.tsx
C:\Users\smitj\repos\vv\vv-landing\vv-landing\apps\pwa-app\app\corporate\dashboard\loading.tsx
C:\Users\smitj\repos\vv\vv-landing\vv-landing\apps\pwa-app\app\corporate\dashboard\market\page.tsx
C:\Users\smitj\repos\vv\vv-landing\vv-landing\apps\pwa-app\app\corporate\dashboard\model-portfolio\page.tsx
C:\Users\smitj\repos\vv\vv-landing\vv-landing\apps\pwa-app\app\corporate\dashboard\models.tsx
C:\Users\smitj\repos\vv\vv-landing\vv-landing\apps\pwa-app\app\corporate\dashboard\offchain\page.tsx
C:\Users\smitj\repos\vv\vv-landing\vv-landing\apps\pwa-app\app\corporate\dashboard\onchain\page.tsx
C:\Users\smitj\repos\vv\vv-landing\vv-landing\apps\pwa-app\app\corporate\dashboard\overview.module.css
C:\Users\smitj\repos\vv\vv-landing\vv-landing\apps\pwa-app\app\corporate\dashboard\overview.tsx
C:\Users\smitj\repos\vv\vv-landing\vv-landing\apps\pwa-app\app\corporate\dashboard\page.tsx
C:\Users\smitj\repos\vv\vv-landing\vv-landing\apps\pwa-app\app\corporate\dashboard\performance.tsx
C:\Users\smitj\repos\vv\vv-landing\vv-landing\apps\pwa-app\app\corporate\dashboard\performance\page.tsx
C:\Users\smitj\repos\vv\vv-landing\vv-landing\apps\pwa-app\app\corporate\dashboard\portfolio\page.tsx
C:\Users\smitj\repos\vv\vv-landing\vv-landing\apps\pwa-app\app\corporate\dashboard\risk-assessment\page.tsx
C:\Users\smitj\repos\vv\vv-landing\vv-landing\apps\pwa-app\app\corporate\dashboard\strategies\page.tsx
C:\Users\smitj\repos\vv\vv-landing\vv-landing\apps\pwa-app\app\corporate\dashboard\tezos-liquidity\page.tsx
C:\Users\smitj\repos\vv\vv-landing\vv-landing\apps\pwa-app\app\corporate\dashboard\treasury\page.tsx
C:\Users\smitj\repos\vv\vv-landing\vv-landing\apps\pwa-app\app\corporate\dashboard\voting.module.css
C:\Users\smitj\repos\vv\vv-landing\vv-landing\apps\pwa-app\app\corporate\dashboard\voting.tsx
C:\Users\smitj\repos\vv\vv-landing\vv-landing\apps\pwa-app\app\corporate\dashboard\voting\page.tsx
C:\Users\smitj\repos\vv\vv-landing\vv-landing\apps\pwa-app\app\corporate\dashboard\watchlist\page.tsx
C:\Users\smitj\repos\vv\vv-landing\vv-landing\apps\pwa-app\app\dashboard\protocols\page.tsx
C:\Users\smitj\repos\vv\vv-landing\vv-landing\apps\pwa-app\app\demo-mode\page.tsx
C:\Users\smitj\repos\vv\vv-landing\vv-landing\apps\pwa-app\app\demo\ClientPage.tsx
C:\Users\smitj\repos\vv\vv-landing\vv-landing\apps\pwa-app\app\demo\landing\layout.tsx
C:\Users\smitj\repos\vv\vv-landing\vv-landing\apps\pwa-app\app\demo\layout.tsx
C:\Users\smitj\repos\vv\vv-landing\vv-landing\apps\pwa-app\app\demo\loading.tsx
C:\Users\smitj\repos\vv\vv-landing\vv-landing\apps\pwa-app\app\enhanced-dark-theme.css
C:\Users\smitj\repos\vv\vv-landing\vv-landing\apps\pwa-app\app\globals-corporate.css
C:\Users\smitj\repos\vv\vv-landing\vv-landing\apps\pwa-app\app\globals-standard.css
C:\Users\smitj\repos\vv\vv-landing\vv-landing\apps\pwa-app\app\globals.css
C:\Users\smitj\repos\vv\vv-landing\vv-landing\apps\pwa-app\app\google-analytics.tsx
C:\Users\smitj\repos\vv\vv-landing\vv-landing\apps\pwa-app\app\hero-showcase\page.tsx
C:\Users\smitj\repos\vv\vv-landing\vv-landing\apps\pwa-app\app\how-it-works\page.tsx
C:\Users\smitj\repos\vv\vv-landing\vv-landing\apps\pwa-app\app\layout-with-mocks.tsx
C:\Users\smitj\repos\vv\vv-landing\vv-landing\apps\pwa-app\app\layout.tsx
C:\Users\smitj\repos\vv\vv-landing\vv-landing\apps\pwa-app\app\light-mode.css
C:\Users\smitj\repos\vv\vv-landing\vv-landing\apps\pwa-app\app\login\client.tsx
C:\Users\smitj\repos\vv\vv-landing\vv-landing\apps\pwa-app\app\login\page.tsx
C:\Users\smitj\repos\vv\vv-landing\vv-landing\apps\pwa-app\app\mocks.ts
C:\Users\smitj\repos\vv\vv-landing\vv-landing\apps\pwa-app\app\page.tsx
C:\Users\smitj\repos\vv\vv-landing\vv-landing\apps\pwa-app\app\providers.tsx
C:\Users\smitj\repos\vv\vv-landing\vv-landing\apps\pwa-app\app\screenshot-match.css
C:\Users\smitj\repos\vv\vv-landing\vv-landing\apps\pwa-app\app\sitemap.ts
C:\Users\smitj\repos\vv\vv-landing\vv-landing\apps\pwa-app\app\standard-demo\landing\page.tsx
C:\Users\smitj\repos\vv\vv-landing\vv-landing\apps\pwa-app\app\standard-demo\page.tsx
C:\Users\smitj\repos\vv\vv-landing\vv-landing\apps\pwa-app\app\standard-design-tokens.css
C:\Users\smitj\repos\vv\vv-landing\vv-landing\apps\pwa-app\app\standard-variables.css
C:\Users\smitj\repos\vv\vv-landing\vv-landing\apps\pwa-app\app\standard-version\dashboard\loading.tsx
C:\Users\smitj\repos\vv\vv-landing\vv-landing\apps\pwa-app\app\standard-version\dashboard\page.server.tsx
C:\Users\smitj\repos\vv\vv-landing\vv-landing\apps\pwa-app\app\standard-version\dashboard\page.tsx
C:\Users\smitj\repos\vv\vv-landing\vv-landing\apps\pwa-app\app\standard-version\marketing\loading.tsx
C:\Users\smitj\repos\vv\vv-landing\vv-landing\apps\pwa-app\app\standard-version\marketing\page.tsx
C:\Users\smitj\repos\vv\vv-landing\vv-landing\apps\pwa-app\app\standard-version\page.tsx
C:\Users\smitj\repos\vv\vv-landing\vv-landing\apps\pwa-app\app\theme-initializer-client.tsx
C:\Users\smitj\repos\vv\vv-landing\vv-landing\apps\pwa-app\app\theme-initializer.tsx
C:\Users\smitj\repos\vv\vv-landing\vv-landing\apps\pwa-app\app\theme-script.tsx
C:\Users\smitj\repos\vv\vv-landing\vv-landing\apps\pwa-app\app\theme-transitions.css
C:\Users\smitj\repos\vv\vv-landing\vv-landing\apps\pwa-app\app\theme-variables.css
C:\Users\smitj\repos\vv\vv-landing\vv-landing\apps\pwa-app\app\version-theme-variables.css
C:\Users\smitj\repos\vv\vv-landing\vv-landing\apps\pwa-app\app\VersionSelectionPage.module.css
C:\Users\smitj\repos\vv\vv-landing\vv-landing\apps\pwa-app\app\VersionSelectionPage.tsx
C:\Users\smitj\repos\vv\vv-landing\vv-landing\apps\pwa-app\app\VersionSelectionPageBridge.tsx
C:\Users\smitj\repos\vv\vv-landing\vv-landing\apps\pwa-app\app\whitepaper\page.tsx
C:\Users\smitj\repos\vv\vv-landing\vv-landing\apps\pwa-app\auth\callback\route.ts
C:\Users\smitj\repos\vv\vv-landing\vv-landing\apps\pwa-app\auth\layout.tsx
C:\Users\smitj\repos\vv\vv-landing\vv-landing\apps\pwa-app\auth\login\loading.tsx
C:\Users\smitj\repos\vv\vv-landing\vv-landing\apps\pwa-app\auth\login\page.tsx
C:\Users\smitj\repos\vv\vv-landing\vv-landing\apps\pwa-app\auth\register\page.tsx
C:\Users\smitj\repos\vv\vv-landing\vv-landing\apps\pwa-app\auth\reset-password\page.tsx
C:\Users\smitj\repos\vv\vv-landing\vv-landing\apps\pwa-app\auth\update-password\page.tsx
C:\Users\smitj\repos\vv\vv-landing\vv-landing\apps\pwa-app\brand\page.tsx
C:\Users\smitj\repos\vv\vv-landing\vv-landing\apps\pwa-app\ClientPage.tsx
C:\Users\smitj\repos\vv\vv-landing\vv-landing\apps\pwa-app\compare\loading.tsx
C:\Users\smitj\repos\vv\vv-landing\vv-landing\apps\pwa-app\compare\page.tsx
C:\Users\smitj\repos\vv\vv-landing\vv-landing\apps\pwa-app\components\version-selection\CorporateVersionCard.tsx
C:\Users\smitj\repos\vv\vv-landing\vv-landing\apps\pwa-app\components\version-selection\StandardVersionCard.tsx
C:\Users\smitj\repos\vv\vv-landing\vv-landing\apps\pwa-app\components\version-selection\ThemeSelectionModal.module.css
C:\Users\smitj\repos\vv\vv-landing\vv-landing\apps\pwa-app\components\version-selection\ThemeSelectionModal.tsx
C:\Users\smitj\repos\vv\vv-landing\vv-landing\apps\pwa-app\components\version-selection\VersionBackground.tsx
C:\Users\smitj\repos\vv\vv-landing\vv-landing\apps\pwa-app\components\version-selection\VersionCard.module.css
C:\Users\smitj\repos\vv\vv-landing\vv-landing\apps\pwa-app\components\version-selection\VersionCardFeatureList.tsx
C:\Users\smitj\repos\vv\vv-landing\vv-landing\apps\pwa-app\components\version-selection\VersionCardFooter.tsx
C:\Users\smitj\repos\vv\vv-landing\vv-landing\apps\pwa-app\components\version-selection\VersionCardHeader.tsx
C:\Users\smitj\repos\vv\vv-landing\vv-landing\apps\pwa-app\components\version-selection\VersionFooter.tsx
C:\Users\smitj\repos\vv\vv-landing\vv-landing\apps\pwa-app\components\version-selection\VersionHeader.tsx
C:\Users\smitj\repos\vv\vv-landing\vv-landing\apps\pwa-app\contact\page.tsx
C:\Users\smitj\repos\vv\vv-landing\vv-landing\apps\pwa-app\corporate-version\about\client.tsx
C:\Users\smitj\repos\vv\vv-landing\vv-landing\apps\pwa-app\corporate-version\about\page.tsx
C:\Users\smitj\repos\vv\vv-landing\vv-landing\apps\pwa-app\corporate-version\careers\client.tsx
C:\Users\smitj\repos\vv\vv-landing\vv-landing\apps\pwa-app\corporate-version\careers\page.tsx
C:\Users\smitj\repos\vv\vv-landing\vv-landing\apps\pwa-app\corporate-version\client.tsx
C:\Users\smitj\repos\vv\vv-landing\vv-landing\apps\pwa-app\corporate-version\compliance\client.tsx
C:\Users\smitj\repos\vv\vv-landing\vv-landing\apps\pwa-app\corporate-version\compliance\page.tsx
C:\Users\smitj\repos\vv\vv-landing\vv-landing\apps\pwa-app\corporate-version\compliance\whitepaper\page.tsx
C:\Users\smitj\repos\vv\vv-landing\vv-landing\apps\pwa-app\corporate-version\contact\client.tsx
C:\Users\smitj\repos\vv\vv-landing\vv-landing\apps\pwa-app\corporate-version\contact\page.tsx
C:\Users\smitj\repos\vv\vv-landing\vv-landing\apps\pwa-app\corporate-version\cookies\client.tsx
C:\Users\smitj\repos\vv\vv-landing\vv-landing\apps\pwa-app\corporate-version\cookies\page.tsx
C:\Users\smitj\repos\vv\vv-landing\vv-landing\apps\pwa-app\corporate-version\demo\client.tsx
C:\Users\smitj\repos\vv\vv-landing\vv-landing\apps\pwa-app\corporate-version\demo\page.tsx
C:\Users\smitj\repos\vv\vv-landing\vv-landing\apps\pwa-app\corporate-version\forgot-password\client.tsx
C:\Users\smitj\repos\vv\vv-landing\vv-landing\apps\pwa-app\corporate-version\forgot-password\page.tsx
C:\Users\smitj\repos\vv\vv-landing\vv-landing\apps\pwa-app\corporate-version\layout-client.tsx
C:\Users\smitj\repos\vv\vv-landing\vv-landing\apps\pwa-app\corporate-version\layout.tsx
C:\Users\smitj\repos\vv\vv-landing\vv-landing\apps\pwa-app\corporate-version\login\client.tsx
C:\Users\smitj\repos\vv\vv-landing\vv-landing\apps\pwa-app\corporate-version\login\page.tsx
C:\Users\smitj\repos\vv\vv-landing\vv-landing\apps\pwa-app\corporate-version\marketing\client.tsx
C:\Users\smitj\repos\vv\vv-landing\vv-landing\apps\pwa-app\corporate-version\marketing\layout.tsx
C:\Users\smitj\repos\vv\vv-landing\vv-landing\apps\pwa-app\corporate-version\marketing\loading.tsx
C:\Users\smitj\repos\vv\vv-landing\vv-landing\apps\pwa-app\corporate-version\marketing\page.tsx
C:\Users\smitj\repos\vv\vv-landing\vv-landing\apps\pwa-app\corporate-version\page.tsx
C:\Users\smitj\repos\vv\vv-landing\vv-landing\apps\pwa-app\corporate-version\pricing\client.tsx
C:\Users\smitj\repos\vv\vv-landing\vv-landing\apps\pwa-app\corporate-version\pricing\page.tsx
C:\Users\smitj\repos\vv\vv-landing\vv-landing\apps\pwa-app\corporate-version\privacy\client.tsx
C:\Users\smitj\repos\vv\vv-landing\vv-landing\apps\pwa-app\corporate-version\privacy\page.tsx
C:\Users\smitj\repos\vv\vv-landing\vv-landing\apps\pwa-app\corporate-version\security\client.tsx
C:\Users\smitj\repos\vv\vv-landing\vv-landing\apps\pwa-app\corporate-version\security\page.tsx
C:\Users\smitj\repos\vv\vv-landing\vv-landing\apps\pwa-app\corporate-version\security\whitepaper\page.tsx
C:\Users\smitj\repos\vv\vv-landing\vv-landing\apps\pwa-app\corporate-version\signup\client.tsx
C:\Users\smitj\repos\vv\vv-landing\vv-landing\apps\pwa-app\corporate-version\signup\page.tsx
C:\Users\smitj\repos\vv\vv-landing\vv-landing\apps\pwa-app\corporate-version\solutions\client.tsx
C:\Users\smitj\repos\vv\vv-landing\vv-landing\apps\pwa-app\corporate-version\solutions\compliance\client.tsx
C:\Users\smitj\repos\vv\vv-landing\vv-landing\apps\pwa-app\corporate-version\solutions\compliance\page.tsx
C:\Users\smitj\repos\vv\vv-landing\vv-landing\apps\pwa-app\corporate-version\solutions\compliance\whitepaper\page.tsx
C:\Users\smitj\repos\vv\vv-landing\vv-landing\apps\pwa-app\corporate-version\solutions\page.tsx
C:\Users\smitj\repos\vv\vv-landing\vv-landing\apps\pwa-app\corporate-version\solutions\portfolio\client.tsx
C:\Users\smitj\repos\vv\vv-landing\vv-landing\apps\pwa-app\corporate-version\solutions\portfolio\page.tsx
C:\Users\smitj\repos\vv\vv-landing\vv-landing\apps\pwa-app\corporate-version\solutions\portfolio\whitepaper\page.tsx
C:\Users\smitj\repos\vv\vv-landing\vv-landing\apps\pwa-app\corporate-version\solutions\risk\client.tsx
C:\Users\smitj\repos\vv\vv-landing\vv-landing\apps\pwa-app\corporate-version\solutions\risk\page.tsx
C:\Users\smitj\repos\vv\vv-landing\vv-landing\apps\pwa-app\corporate-version\solutions\risk\whitepaper\page.tsx
C:\Users\smitj\repos\vv\vv-landing\vv-landing\apps\pwa-app\corporate-version\solutions\treasury\client.tsx
C:\Users\smitj\repos\vv\vv-landing\vv-landing\apps\pwa-app\corporate-version\solutions\treasury\components\treasury-case-study.tsx
C:\Users\smitj\repos\vv\vv-landing\vv-landing\apps\pwa-app\corporate-version\solutions\treasury\components\treasury-cta.tsx
C:\Users\smitj\repos\vv\vv-landing\vv-landing\apps\pwa-app\corporate-version\solutions\treasury\components\treasury-dashboard.tsx
C:\Users\smitj\repos\vv\vv-landing\vv-landing\apps\pwa-app\corporate-version\solutions\treasury\components\treasury-features.tsx
C:\Users\smitj\repos\vv\vv-landing\vv-landing\apps\pwa-app\corporate-version\solutions\treasury\components\treasury-hero.tsx
C:\Users\smitj\repos\vv\vv-landing\vv-landing\apps\pwa-app\corporate-version\solutions\treasury\page.tsx
C:\Users\smitj\repos\vv\vv-landing\vv-landing\apps\pwa-app\corporate-version\solutions\treasury\whitepaper\page.tsx
C:\Users\smitj\repos\vv\vv-landing\vv-landing\apps\pwa-app\corporate-version\terms\client.tsx
C:\Users\smitj\repos\vv\vv-landing\vv-landing\apps\pwa-app\corporate-version\terms\page.tsx
C:\Users\smitj\repos\vv\vv-landing\vv-landing\apps\pwa-app\corporate\dashboard\admin\page.tsx
C:\Users\smitj\repos\vv\vv-landing\vv-landing\apps\pwa-app\corporate\dashboard\ai-analytics\page.tsx
C:\Users\smitj\repos\vv\vv-landing\vv-landing\apps\pwa-app\corporate\dashboard\analytics\page.tsx
C:\Users\smitj\repos\vv\vv-landing\vv-landing\apps\pwa-app\corporate\dashboard\consumer\page.tsx
C:\Users\smitj\repos\vv\vv-landing\vv-landing\apps\pwa-app\corporate\dashboard\dashboard-content.tsx
C:\Users\smitj\repos\vv\vv-landing\vv-landing\apps\pwa-app\corporate\dashboard\events\page.tsx
C:\Users\smitj\repos\vv\vv-landing\vv-landing\apps\pwa-app\corporate\dashboard\flash-loans\page.tsx
C:\Users\smitj\repos\vv\vv-landing\vv-landing\apps\pwa-app\corporate\dashboard\layout.tsx
C:\Users\smitj\repos\vv\vv-landing\vv-landing\apps\pwa-app\corporate\dashboard\loading.tsx
C:\Users\smitj\repos\vv\vv-landing\vv-landing\apps\pwa-app\corporate\dashboard\market\page.tsx
C:\Users\smitj\repos\vv\vv-landing\vv-landing\apps\pwa-app\corporate\dashboard\model-portfolio\page.tsx
C:\Users\smitj\repos\vv\vv-landing\vv-landing\apps\pwa-app\corporate\dashboard\models.tsx
C:\Users\smitj\repos\vv\vv-landing\vv-landing\apps\pwa-app\corporate\dashboard\offchain\page.tsx
C:\Users\smitj\repos\vv\vv-landing\vv-landing\apps\pwa-app\corporate\dashboard\onchain\page.tsx
C:\Users\smitj\repos\vv\vv-landing\vv-landing\apps\pwa-app\corporate\dashboard\overview.module.css
C:\Users\smitj\repos\vv\vv-landing\vv-landing\apps\pwa-app\corporate\dashboard\overview.tsx
C:\Users\smitj\repos\vv\vv-landing\vv-landing\apps\pwa-app\corporate\dashboard\page.tsx
C:\Users\smitj\repos\vv\vv-landing\vv-landing\apps\pwa-app\corporate\dashboard\performance.tsx
C:\Users\smitj\repos\vv\vv-landing\vv-landing\apps\pwa-app\corporate\dashboard\performance\page.tsx
C:\Users\smitj\repos\vv\vv-landing\vv-landing\apps\pwa-app\corporate\dashboard\portfolio\page.tsx
C:\Users\smitj\repos\vv\vv-landing\vv-landing\apps\pwa-app\corporate\dashboard\risk-assessment\page.tsx
C:\Users\smitj\repos\vv\vv-landing\vv-landing\apps\pwa-app\corporate\dashboard\strategies\page.tsx
C:\Users\smitj\repos\vv\vv-landing\vv-landing\apps\pwa-app\corporate\dashboard\tezos-liquidity\page.tsx
C:\Users\smitj\repos\vv\vv-landing\vv-landing\apps\pwa-app\corporate\dashboard\treasury\page.tsx
C:\Users\smitj\repos\vv\vv-landing\vv-landing\apps\pwa-app\corporate\dashboard\voting.module.css
C:\Users\smitj\repos\vv\vv-landing\vv-landing\apps\pwa-app\corporate\dashboard\voting.tsx
C:\Users\smitj\repos\vv\vv-landing\vv-landing\apps\pwa-app\corporate\dashboard\voting\page.tsx
C:\Users\smitj\repos\vv\vv-landing\vv-landing\apps\pwa-app\corporate\dashboard\watchlist\page.tsx
C:\Users\smitj\repos\vv\vv-landing\vv-landing\apps\pwa-app\dashboard\protocols\page.tsx
C:\Users\smitj\repos\vv\vv-landing\vv-landing\apps\pwa-app\demo-mode\page.tsx
C:\Users\smitj\repos\vv\vv-landing\vv-landing\apps\pwa-app\demo\ClientPage.tsx
C:\Users\smitj\repos\vv\vv-landing\vv-landing\apps\pwa-app\demo\landing\layout.tsx
C:\Users\smitj\repos\vv\vv-landing\vv-landing\apps\pwa-app\demo\layout.tsx
C:\Users\smitj\repos\vv\vv-landing\vv-landing\apps\pwa-app\demo\loading.tsx
C:\Users\smitj\repos\vv\vv-landing\vv-landing\apps\pwa-app\enhanced-dark-theme.css
C:\Users\smitj\repos\vv\vv-landing\vv-landing\apps\pwa-app\globals-corporate.css
C:\Users\smitj\repos\vv\vv-landing\vv-landing\apps\pwa-app\globals-standard.css
C:\Users\smitj\repos\vv\vv-landing\vv-landing\apps\pwa-app\globals.css
C:\Users\smitj\repos\vv\vv-landing\vv-landing\apps\pwa-app\google-analytics.tsx
C:\Users\smitj\repos\vv\vv-landing\vv-landing\apps\pwa-app\hero-showcase\page.tsx
C:\Users\smitj\repos\vv\vv-landing\vv-landing\apps\pwa-app\how-it-works\page.tsx
C:\Users\smitj\repos\vv\vv-landing\vv-landing\apps\pwa-app\layout-with-mocks.tsx
C:\Users\smitj\repos\vv\vv-landing\vv-landing\apps\pwa-app\layout.tsx
C:\Users\smitj\repos\vv\vv-landing\vv-landing\apps\pwa-app\light-mode.css
C:\Users\smitj\repos\vv\vv-landing\vv-landing\apps\pwa-app\login\client.tsx
C:\Users\smitj\repos\vv\vv-landing\vv-landing\apps\pwa-app\login\page.tsx
C:\Users\smitj\repos\vv\vv-landing\vv-landing\apps\pwa-app\mocks.ts
C:\Users\smitj\repos\vv\vv-landing\vv-landing\apps\pwa-app\page.tsx
C:\Users\smitj\repos\vv\vv-landing\vv-landing\apps\pwa-app\providers.tsx
C:\Users\smitj\repos\vv\vv-landing\vv-landing\apps\pwa-app\screenshot-match.css
C:\Users\smitj\repos\vv\vv-landing\vv-landing\apps\pwa-app\sitemap.ts
C:\Users\smitj\repos\vv\vv-landing\vv-landing\apps\pwa-app\standard-demo\landing\page.tsx
C:\Users\smitj\repos\vv\vv-landing\vv-landing\apps\pwa-app\standard-demo\page.tsx
C:\Users\smitj\repos\vv\vv-landing\vv-landing\apps\pwa-app\standard-design-tokens.css
C:\Users\smitj\repos\vv\vv-landing\vv-landing\apps\pwa-app\standard-variables.css
C:\Users\smitj\repos\vv\vv-landing\vv-landing\apps\pwa-app\standard-version\dashboard\loading.tsx
C:\Users\smitj\repos\vv\vv-landing\vv-landing\apps\pwa-app\standard-version\dashboard\page.server.tsx
C:\Users\smitj\repos\vv\vv-landing\vv-landing\apps\pwa-app\standard-version\dashboard\page.tsx
C:\Users\smitj\repos\vv\vv-landing\vv-landing\apps\pwa-app\standard-version\marketing\loading.tsx
C:\Users\smitj\repos\vv\vv-landing\vv-landing\apps\pwa-app\standard-version\marketing\page.tsx
C:\Users\smitj\repos\vv\vv-landing\vv-landing\apps\pwa-app\standard-version\page.tsx
C:\Users\smitj\repos\vv\vv-landing\vv-landing\apps\pwa-app\theme-initializer-client.tsx
C:\Users\smitj\repos\vv\vv-landing\vv-landing\apps\pwa-app\theme-initializer.tsx
C:\Users\smitj\repos\vv\vv-landing\vv-landing\apps\pwa-app\theme-script.tsx
C:\Users\smitj\repos\vv\vv-landing\vv-landing\apps\pwa-app\theme-transitions.css
C:\Users\smitj\repos\vv\vv-landing\vv-landing\apps\pwa-app\theme-variables.css
C:\Users\smitj\repos\vv\vv-landing\vv-landing\apps\pwa-app\version-theme-variables.css
C:\Users\smitj\repos\vv\vv-landing\vv-landing\apps\pwa-app\VersionSelectionPage.module.css
C:\Users\smitj\repos\vv\vv-landing\vv-landing\apps\pwa-app\VersionSelectionPage.tsx
C:\Users\smitj\repos\vv\vv-landing\vv-landing\apps\pwa-app\VersionSelectionPageBridge.tsx
C:\Users\smitj\repos\vv\vv-landing\vv-landing\apps\pwa-app\whitepaper\page.tsx
C:\Users\smitj\repos\vv\vv-landing\vv-landing\apps\standard-website\(corporate)\corporate\login\page.tsx
C:\Users\smitj\repos\vv\vv-landing\vv-landing\apps\standard-website\(corporate)\corporate\page.tsx
C:\Users\smitj\repos\vv\vv-landing\vv-landing\apps\standard-website\(corporate)\corporate\register\page.tsx
C:\Users\smitj\repos\vv\vv-landing\vv-landing\apps\standard-website\(corporate)\metadata.tsx
C:\Users\smitj\repos\vv\vv-landing\vv-landing\apps\standard-website\(dashboard)\analytics\custom-dimensions\loading.tsx
C:\Users\smitj\repos\vv\vv-landing\vv-landing\apps\standard-website\(dashboard)\analytics\custom-dimensions\page.tsx
C:\Users\smitj\repos\vv\vv-landing\vv-landing\apps\standard-website\(dashboard)\analytics\funnel-guide\loading.tsx
C:\Users\smitj\repos\vv\vv-landing\vv-landing\apps\standard-website\(dashboard)\analytics\funnel-guide\page.tsx
C:\Users\smitj\repos\vv\vv-landing\vv-landing\apps\standard-website\(dashboard)\analytics\historical\page.tsx
C:\Users\smitj\repos\vv\vv-landing\vv-landing\apps\standard-website\(dashboard)\analytics\loading.tsx
C:\Users\smitj\repos\vv\vv-landing\vv-landing\apps\standard-website\(dashboard)\analytics\page.tsx
C:\Users\smitj\repos\vv\vv-landing\vv-landing\apps\standard-website\(dashboard)\analytics\reports\loading.tsx
C:\Users\smitj\repos\vv\vv-landing\vv-landing\apps\standard-website\(dashboard)\analytics\reports\page.tsx
C:\Users\smitj\repos\vv\vv-landing\vv-landing\apps\standard-website\(dashboard)\analytics\usage\loading.tsx
C:\Users\smitj\repos\vv\vv-landing\vv-landing\apps\standard-website\(dashboard)\analytics\usage\page.tsx
C:\Users\smitj\repos\vv\vv-landing\vv-landing\apps\standard-website\(dashboard)\analytics\verification\loading.tsx
C:\Users\smitj\repos\vv\vv-landing\vv-landing\apps\standard-website\(dashboard)\analytics\verification\page.tsx
C:\Users\smitj\repos\vv\vv-landing\vv-landing\apps\standard-website\(dashboard)\dashboard\loading.tsx
C:\Users\smitj\repos\vv\vv-landing\vv-landing\apps\standard-website\(dashboard)\dashboard\page.tsx
C:\Users\smitj\repos\vv\vv-landing\vv-landing\apps\standard-website\(dashboard)\flash-loans\page.tsx
C:\Users\smitj\repos\vv\vv-landing\vv-landing\apps\standard-website\(dashboard)\layout.tsx
C:\Users\smitj\repos\vv\vv-landing\vv-landing\apps\standard-website\(dashboard)\pools\[id]\page.tsx
C:\Users\smitj\repos\vv\vv-landing\vv-landing\apps\standard-website\(dashboard)\pools\page.tsx
C:\Users\smitj\repos\vv\vv-landing\vv-landing\apps\standard-website\(dashboard)\profile\page.tsx
C:\Users\smitj\repos\vv\vv-landing\vv-landing\apps\standard-website\(dashboard)\risk-assessment\page.tsx
C:\Users\smitj\repos\vv\vv-landing\vv-landing\apps\standard-website\(dashboard)\settings\page.tsx
C:\Users\smitj\repos\vv\vv-landing\vv-landing\apps\standard-website\(dashboard)\strategies\[id]\page.tsx
C:\Users\smitj\repos\vv\vv-landing\vv-landing\apps\standard-website\(dashboard)\strategies\manage\page.tsx
C:\Users\smitj\repos\vv\vv-landing\vv-landing\apps\standard-website\(dashboard)\strategies\page.tsx
C:\Users\smitj\repos\vv\vv-landing\vv-landing\apps\standard-website\(marketing)\layout.tsx
C:\Users\smitj\repos\vv\vv-landing\vv-landing\apps\standard-website\(standard)\layout.tsx
C:\Users\smitj\repos\vv\vv-landing\vv-landing\apps\standard-website\(standard)\metadata.tsx
C:\Users\smitj\repos\vv\vv-landing\vv-landing\apps\standard-website\(standard)\standard\login\page.tsx
C:\Users\smitj\repos\vv\vv-landing\vv-landing\apps\standard-website\(standard)\standard\page.tsx
C:\Users\smitj\repos\vv\vv-landing\vv-landing\apps\standard-website\(standard)\standard\register\page.tsx
C:\Users\smitj\repos\vv\vv-landing\vv-landing\apps\standard-website\actions\send-email.ts
C:\Users\smitj\repos\vv\vv-landing\vv-landing\apps\standard-website\admin\page.tsx
C:\Users\smitj\repos\vv\vv-landing\vv-landing\apps\standard-website\ai-features\page.tsx
C:\Users\smitj\repos\vv\vv-landing\vv-landing\apps\standard-website\api\activities\recent\route.ts
C:\Users\smitj\repos\vv\vv-landing\vv-landing\apps\standard-website\api\activities\route.ts
C:\Users\smitj\repos\vv\vv-landing\vv-landing\apps\standard-website\api\ai\analyze-pools\route.ts
C:\Users\smitj\repos\vv\vv-landing\vv-landing\apps\standard-website\api\ai\generate-strategy\route.ts
C:\Users\smitj\repos\vv\vv-landing\vv-landing\apps\standard-website\api\ai\generate-visualization\route.ts
C:\Users\smitj\repos\vv\vv-landing\vv-landing\apps\standard-website\api\ai\risk-assessment\route.ts
C:\Users\smitj\repos\vv\vv-landing\vv-landing\apps\standard-website\api\ai\route.ts
C:\Users\smitj\repos\vv\vv-landing\vv-landing\apps\standard-website\api\analytics\route.ts
C:\Users\smitj\repos\vv\vv-landing\vv-landing\apps\standard-website\api\auth\[...nextauth]\route.ts
C:\Users\smitj\repos\vv\vv-landing\vv-landing\apps\standard-website\api\auth\github\callback\route.ts
C:\Users\smitj\repos\vv\vv-landing\vv-landing\apps\standard-website\api\auth\github\route.ts
C:\Users\smitj\repos\vv\vv-landing\vv-landing\apps\standard-website\api\auth\login\route.ts
C:\Users\smitj\repos\vv\vv-landing\vv-landing\apps\standard-website\api\content\[id]\route.ts
C:\Users\smitj\repos\vv\vv-landing\vv-landing\apps\standard-website\api\content\page\[page]\route.ts
C:\Users\smitj\repos\vv\vv-landing\vv-landing\apps\standard-website\api\content\route.ts
C:\Users\smitj\repos\vv\vv-landing\vv-landing\apps\standard-website\api\cron\sync\route.ts
C:\Users\smitj\repos\vv\vv-landing\vv-landing\apps\standard-website\api\dashboard\overview\route.ts
C:\Users\smitj\repos\vv\vv-landing\vv-landing\apps\standard-website\api\dashboard\performance\route.ts
C:\Users\smitj\repos\vv\vv-landing\vv-landing\apps\standard-website\api\defi-data\route.ts
C:\Users\smitj\repos\vv\vv-landing\vv-landing\apps\standard-website\api\events\route.ts
C:\Users\smitj\repos\vv\vv-landing\vv-landing\apps\standard-website\api\events\upcoming\route.ts
C:\Users\smitj\repos\vv\vv-landing\vv-landing\apps\standard-website\api\goldsky\historical-data\route.ts
C:\Users\smitj\repos\vv\vv-landing\vv-landing\apps\standard-website\api\goldsky\protocols\route.ts
C:\Users\smitj\repos\vv\vv-landing\vv-landing\apps\standard-website\api\investor-metrics\route.ts
C:\Users\smitj\repos\vv\vv-landing\vv-landing\apps\standard-website\api\liquidity-pools\[id]\performance\route.ts
C:\Users\smitj\repos\vv\vv-landing\vv-landing\apps\standard-website\api\liquidity-pools\[id]\route.ts
C:\Users\smitj\repos\vv\vv-landing\vv-landing\apps\standard-website\api\liquidity-pools\route.ts
C:\Users\smitj\repos\vv\vv-landing\vv-landing\apps\standard-website\api\market-data\route.ts
C:\Users\smitj\repos\vv\vv-landing\vv-landing\apps\standard-website\api\navigation\group\[group]\route.ts
C:\Users\smitj\repos\vv\vv-landing\vv-landing\apps\standard-website\api\navigation\route.ts
C:\Users\smitj\repos\vv\vv-landing\vv-landing\apps\standard-website\api\og\corporate\route.tsx
C:\Users\smitj\repos\vv\vv-landing\vv-landing\apps\standard-website\api\og\standard\route.tsx
C:\Users\smitj\repos\vv\vv-landing\vv-landing\apps\standard-website\api\portfolio\summary\route.ts
C:\Users\smitj\repos\vv\vv-landing\vv-landing\apps\standard-website\api\process-status\[id]\route.ts
C:\Users\smitj\repos\vv\vv-landing\vv-landing\apps\standard-website\api\profiles\me\route.ts
C:\Users\smitj\repos\vv\vv-landing\vv-landing\apps\standard-website\api\protocol-metrics\route.ts
C:\Users\smitj\repos\vv\vv-landing\vv-landing\apps\standard-website\api\risk-assessment\route.ts
C:\Users\smitj\repos\vv\vv-landing\vv-landing\apps\standard-website\api\send-email\route.ts
C:\Users\smitj\repos\vv\vv-landing\vv-landing\apps\standard-website\api\settings\[key]\route.ts
C:\Users\smitj\repos\vv\vv-landing\vv-landing\apps\standard-website\api\settings\route.ts
C:\Users\smitj\repos\vv\vv-landing\vv-landing\apps\standard-website\api\sync\route.ts
C:\Users\smitj\repos\vv\vv-landing\vv-landing\apps\standard-website\api\voting\active-proposals\route.ts
C:\Users\smitj\repos\vv\vv-landing\vv-landing\apps\standard-website\api\voting\overview\route.ts
C:\Users\smitj\repos\vv\vv-landing\vv-landing\apps\standard-website\api\voting\past-proposals\route.ts
C:\Users\smitj\repos\vv\vv-landing\vv-landing\apps\standard-website\api\voting\vote\route.ts
C:\Users\smitj\repos\vv\vv-landing\vv-landing\apps\standard-website\app\(corporate)\corporate\login\page.tsx
C:\Users\smitj\repos\vv\vv-landing\vv-landing\apps\standard-website\app\(corporate)\corporate\page.tsx
C:\Users\smitj\repos\vv\vv-landing\vv-landing\apps\standard-website\app\(corporate)\corporate\register\page.tsx
C:\Users\smitj\repos\vv\vv-landing\vv-landing\apps\standard-website\app\(corporate)\metadata.tsx
C:\Users\smitj\repos\vv\vv-landing\vv-landing\apps\standard-website\app\(dashboard)\analytics\custom-dimensions\loading.tsx
C:\Users\smitj\repos\vv\vv-landing\vv-landing\apps\standard-website\app\(dashboard)\analytics\custom-dimensions\page.tsx
C:\Users\smitj\repos\vv\vv-landing\vv-landing\apps\standard-website\app\(dashboard)\analytics\funnel-guide\loading.tsx
C:\Users\smitj\repos\vv\vv-landing\vv-landing\apps\standard-website\app\(dashboard)\analytics\funnel-guide\page.tsx
C:\Users\smitj\repos\vv\vv-landing\vv-landing\apps\standard-website\app\(dashboard)\analytics\historical\page.tsx
C:\Users\smitj\repos\vv\vv-landing\vv-landing\apps\standard-website\app\(dashboard)\analytics\loading.tsx
C:\Users\smitj\repos\vv\vv-landing\vv-landing\apps\standard-website\app\(dashboard)\analytics\page.tsx
C:\Users\smitj\repos\vv\vv-landing\vv-landing\apps\standard-website\app\(dashboard)\analytics\reports\loading.tsx
C:\Users\smitj\repos\vv\vv-landing\vv-landing\apps\standard-website\app\(dashboard)\analytics\reports\page.tsx
C:\Users\smitj\repos\vv\vv-landing\vv-landing\apps\standard-website\app\(dashboard)\analytics\usage\loading.tsx
C:\Users\smitj\repos\vv\vv-landing\vv-landing\apps\standard-website\app\(dashboard)\analytics\usage\page.tsx
C:\Users\smitj\repos\vv\vv-landing\vv-landing\apps\standard-website\app\(dashboard)\analytics\verification\loading.tsx
C:\Users\smitj\repos\vv\vv-landing\vv-landing\apps\standard-website\app\(dashboard)\analytics\verification\page.tsx
C:\Users\smitj\repos\vv\vv-landing\vv-landing\apps\standard-website\app\(dashboard)\dashboard\loading.tsx
C:\Users\smitj\repos\vv\vv-landing\vv-landing\apps\standard-website\app\(dashboard)\dashboard\page.tsx
C:\Users\smitj\repos\vv\vv-landing\vv-landing\apps\standard-website\app\(dashboard)\flash-loans\page.tsx
C:\Users\smitj\repos\vv\vv-landing\vv-landing\apps\standard-website\app\(dashboard)\layout.tsx
C:\Users\smitj\repos\vv\vv-landing\vv-landing\apps\standard-website\app\(dashboard)\pools\[id]\page.tsx
C:\Users\smitj\repos\vv\vv-landing\vv-landing\apps\standard-website\app\(dashboard)\pools\page.tsx
C:\Users\smitj\repos\vv\vv-landing\vv-landing\apps\standard-website\app\(dashboard)\profile\page.tsx
C:\Users\smitj\repos\vv\vv-landing\vv-landing\apps\standard-website\app\(dashboard)\risk-assessment\page.tsx
C:\Users\smitj\repos\vv\vv-landing\vv-landing\apps\standard-website\app\(dashboard)\settings\page.tsx
C:\Users\smitj\repos\vv\vv-landing\vv-landing\apps\standard-website\app\(dashboard)\strategies\[id]\page.tsx
C:\Users\smitj\repos\vv\vv-landing\vv-landing\apps\standard-website\app\(dashboard)\strategies\manage\page.tsx
C:\Users\smitj\repos\vv\vv-landing\vv-landing\apps\standard-website\app\(dashboard)\strategies\page.tsx
C:\Users\smitj\repos\vv\vv-landing\vv-landing\apps\standard-website\app\(marketing)\layout.tsx
C:\Users\smitj\repos\vv\vv-landing\vv-landing\apps\standard-website\app\(standard)\layout.tsx
C:\Users\smitj\repos\vv\vv-landing\vv-landing\apps\standard-website\app\(standard)\metadata.tsx
C:\Users\smitj\repos\vv\vv-landing\vv-landing\apps\standard-website\app\(standard)\standard\login\page.tsx
C:\Users\smitj\repos\vv\vv-landing\vv-landing\apps\standard-website\app\(standard)\standard\page.tsx
C:\Users\smitj\repos\vv\vv-landing\vv-landing\apps\standard-website\app\(standard)\standard\register\page.tsx
C:\Users\smitj\repos\vv\vv-landing\vv-landing\apps\standard-website\app\actions\send-email.ts
C:\Users\smitj\repos\vv\vv-landing\vv-landing\apps\standard-website\app\admin\page.tsx
C:\Users\smitj\repos\vv\vv-landing\vv-landing\apps\standard-website\app\ai-features\page.tsx
C:\Users\smitj\repos\vv\vv-landing\vv-landing\apps\standard-website\app\api\activities\recent\route.ts
C:\Users\smitj\repos\vv\vv-landing\vv-landing\apps\standard-website\app\api\activities\route.ts
C:\Users\smitj\repos\vv\vv-landing\vv-landing\apps\standard-website\app\api\ai\analyze-pools\route.ts
C:\Users\smitj\repos\vv\vv-landing\vv-landing\apps\standard-website\app\api\ai\generate-strategy\route.ts
C:\Users\smitj\repos\vv\vv-landing\vv-landing\apps\standard-website\app\api\ai\generate-visualization\route.ts
C:\Users\smitj\repos\vv\vv-landing\vv-landing\apps\standard-website\app\api\ai\risk-assessment\route.ts
C:\Users\smitj\repos\vv\vv-landing\vv-landing\apps\standard-website\app\api\ai\route.ts
C:\Users\smitj\repos\vv\vv-landing\vv-landing\apps\standard-website\app\api\analytics\route.ts
C:\Users\smitj\repos\vv\vv-landing\vv-landing\apps\standard-website\app\api\auth\[...nextauth]\route.ts
C:\Users\smitj\repos\vv\vv-landing\vv-landing\apps\standard-website\app\api\auth\github\callback\route.ts
C:\Users\smitj\repos\vv\vv-landing\vv-landing\apps\standard-website\app\api\auth\github\route.ts
C:\Users\smitj\repos\vv\vv-landing\vv-landing\apps\standard-website\app\api\auth\login\route.ts
C:\Users\smitj\repos\vv\vv-landing\vv-landing\apps\standard-website\app\api\content\[id]\route.ts
C:\Users\smitj\repos\vv\vv-landing\vv-landing\apps\standard-website\app\api\content\page\[page]\route.ts
C:\Users\smitj\repos\vv\vv-landing\vv-landing\apps\standard-website\app\api\content\route.ts
C:\Users\smitj\repos\vv\vv-landing\vv-landing\apps\standard-website\app\api\cron\sync\route.ts
C:\Users\smitj\repos\vv\vv-landing\vv-landing\apps\standard-website\app\api\dashboard\overview\route.ts
C:\Users\smitj\repos\vv\vv-landing\vv-landing\apps\standard-website\app\api\dashboard\performance\route.ts
C:\Users\smitj\repos\vv\vv-landing\vv-landing\apps\standard-website\app\api\defi-data\route.ts
C:\Users\smitj\repos\vv\vv-landing\vv-landing\apps\standard-website\app\api\events\route.ts
C:\Users\smitj\repos\vv\vv-landing\vv-landing\apps\standard-website\app\api\events\upcoming\route.ts
C:\Users\smitj\repos\vv\vv-landing\vv-landing\apps\standard-website\app\api\goldsky\historical-data\route.ts
C:\Users\smitj\repos\vv\vv-landing\vv-landing\apps\standard-website\app\api\goldsky\protocols\route.ts
C:\Users\smitj\repos\vv\vv-landing\vv-landing\apps\standard-website\app\api\investor-metrics\route.ts
C:\Users\smitj\repos\vv\vv-landing\vv-landing\apps\standard-website\app\api\liquidity-pools\[id]\performance\route.ts
C:\Users\smitj\repos\vv\vv-landing\vv-landing\apps\standard-website\app\api\liquidity-pools\[id]\route.ts
C:\Users\smitj\repos\vv\vv-landing\vv-landing\apps\standard-website\app\api\liquidity-pools\route.ts
C:\Users\smitj\repos\vv\vv-landing\vv-landing\apps\standard-website\app\api\market-data\route.ts
C:\Users\smitj\repos\vv\vv-landing\vv-landing\apps\standard-website\app\api\navigation\group\[group]\route.ts
C:\Users\smitj\repos\vv\vv-landing\vv-landing\apps\standard-website\app\api\navigation\route.ts
C:\Users\smitj\repos\vv\vv-landing\vv-landing\apps\standard-website\app\api\og\corporate\route.tsx
C:\Users\smitj\repos\vv\vv-landing\vv-landing\apps\standard-website\app\api\og\standard\route.tsx
C:\Users\smitj\repos\vv\vv-landing\vv-landing\apps\standard-website\app\api\portfolio\summary\route.ts
C:\Users\smitj\repos\vv\vv-landing\vv-landing\apps\standard-website\app\api\process-status\[id]\route.ts
C:\Users\smitj\repos\vv\vv-landing\vv-landing\apps\standard-website\app\api\profiles\me\route.ts
C:\Users\smitj\repos\vv\vv-landing\vv-landing\apps\standard-website\app\api\protocol-metrics\route.ts
C:\Users\smitj\repos\vv\vv-landing\vv-landing\apps\standard-website\app\api\risk-assessment\route.ts
C:\Users\smitj\repos\vv\vv-landing\vv-landing\apps\standard-website\app\api\send-email\route.ts
C:\Users\smitj\repos\vv\vv-landing\vv-landing\apps\standard-website\app\api\settings\[key]\route.ts
C:\Users\smitj\repos\vv\vv-landing\vv-landing\apps\standard-website\app\api\settings\route.ts
C:\Users\smitj\repos\vv\vv-landing\vv-landing\apps\standard-website\app\api\sync\route.ts
C:\Users\smitj\repos\vv\vv-landing\vv-landing\apps\standard-website\app\api\voting\active-proposals\route.ts
C:\Users\smitj\repos\vv\vv-landing\vv-landing\apps\standard-website\app\api\voting\overview\route.ts
C:\Users\smitj\repos\vv\vv-landing\vv-landing\apps\standard-website\app\api\voting\past-proposals\route.ts
C:\Users\smitj\repos\vv\vv-landing\vv-landing\apps\standard-website\app\api\voting\vote\route.ts
C:\Users\smitj\repos\vv\vv-landing\vv-landing\apps\standard-website\app\auth\callback\route.ts
C:\Users\smitj\repos\vv\vv-landing\vv-landing\apps\standard-website\app\auth\layout.tsx
C:\Users\smitj\repos\vv\vv-landing\vv-landing\apps\standard-website\app\auth\login\loading.tsx
C:\Users\smitj\repos\vv\vv-landing\vv-landing\apps\standard-website\app\auth\login\page.tsx
C:\Users\smitj\repos\vv\vv-landing\vv-landing\apps\standard-website\app\auth\register\page.tsx
C:\Users\smitj\repos\vv\vv-landing\vv-landing\apps\standard-website\app\auth\reset-password\page.tsx
C:\Users\smitj\repos\vv\vv-landing\vv-landing\apps\standard-website\app\auth\update-password\page.tsx
C:\Users\smitj\repos\vv\vv-landing\vv-landing\apps\standard-website\app\brand\page.tsx
C:\Users\smitj\repos\vv\vv-landing\vv-landing\apps\standard-website\app\ClientPage.tsx
C:\Users\smitj\repos\vv\vv-landing\vv-landing\apps\standard-website\app\compare\loading.tsx
C:\Users\smitj\repos\vv\vv-landing\vv-landing\apps\standard-website\app\compare\page.tsx
C:\Users\smitj\repos\vv\vv-landing\vv-landing\apps\standard-website\app\components\version-selection\CorporateVersionCard.tsx
C:\Users\smitj\repos\vv\vv-landing\vv-landing\apps\standard-website\app\components\version-selection\StandardVersionCard.tsx
C:\Users\smitj\repos\vv\vv-landing\vv-landing\apps\standard-website\app\components\version-selection\ThemeSelectionModal.module.css
C:\Users\smitj\repos\vv\vv-landing\vv-landing\apps\standard-website\app\components\version-selection\ThemeSelectionModal.tsx
C:\Users\smitj\repos\vv\vv-landing\vv-landing\apps\standard-website\app\components\version-selection\VersionBackground.tsx
C:\Users\smitj\repos\vv\vv-landing\vv-landing\apps\standard-website\app\components\version-selection\VersionCard.module.css
C:\Users\smitj\repos\vv\vv-landing\vv-landing\apps\standard-website\app\components\version-selection\VersionCardFeatureList.tsx
C:\Users\smitj\repos\vv\vv-landing\vv-landing\apps\standard-website\app\components\version-selection\VersionCardFooter.tsx
C:\Users\smitj\repos\vv\vv-landing\vv-landing\apps\standard-website\app\components\version-selection\VersionCardHeader.tsx
C:\Users\smitj\repos\vv\vv-landing\vv-landing\apps\standard-website\app\components\version-selection\VersionFooter.tsx
C:\Users\smitj\repos\vv\vv-landing\vv-landing\apps\standard-website\app\components\version-selection\VersionHeader.tsx
C:\Users\smitj\repos\vv\vv-landing\vv-landing\apps\standard-website\app\contact\page.tsx
C:\Users\smitj\repos\vv\vv-landing\vv-landing\apps\standard-website\app\corporate-version\about\client.tsx
C:\Users\smitj\repos\vv\vv-landing\vv-landing\apps\standard-website\app\corporate-version\about\page.tsx
C:\Users\smitj\repos\vv\vv-landing\vv-landing\apps\standard-website\app\corporate-version\careers\client.tsx
C:\Users\smitj\repos\vv\vv-landing\vv-landing\apps\standard-website\app\corporate-version\careers\page.tsx
C:\Users\smitj\repos\vv\vv-landing\vv-landing\apps\standard-website\app\corporate-version\client.tsx
C:\Users\smitj\repos\vv\vv-landing\vv-landing\apps\standard-website\app\corporate-version\compliance\client.tsx
C:\Users\smitj\repos\vv\vv-landing\vv-landing\apps\standard-website\app\corporate-version\compliance\page.tsx
C:\Users\smitj\repos\vv\vv-landing\vv-landing\apps\standard-website\app\corporate-version\compliance\whitepaper\page.tsx
C:\Users\smitj\repos\vv\vv-landing\vv-landing\apps\standard-website\app\corporate-version\contact\client.tsx
C:\Users\smitj\repos\vv\vv-landing\vv-landing\apps\standard-website\app\corporate-version\contact\page.tsx
C:\Users\smitj\repos\vv\vv-landing\vv-landing\apps\standard-website\app\corporate-version\cookies\client.tsx
C:\Users\smitj\repos\vv\vv-landing\vv-landing\apps\standard-website\app\corporate-version\cookies\page.tsx
C:\Users\smitj\repos\vv\vv-landing\vv-landing\apps\standard-website\app\corporate-version\demo\client.tsx
C:\Users\smitj\repos\vv\vv-landing\vv-landing\apps\standard-website\app\corporate-version\demo\page.tsx
C:\Users\smitj\repos\vv\vv-landing\vv-landing\apps\standard-website\app\corporate-version\forgot-password\client.tsx
C:\Users\smitj\repos\vv\vv-landing\vv-landing\apps\standard-website\app\corporate-version\forgot-password\page.tsx
C:\Users\smitj\repos\vv\vv-landing\vv-landing\apps\standard-website\app\corporate-version\layout-client.tsx
C:\Users\smitj\repos\vv\vv-landing\vv-landing\apps\standard-website\app\corporate-version\layout.tsx
C:\Users\smitj\repos\vv\vv-landing\vv-landing\apps\standard-website\app\corporate-version\login\client.tsx
C:\Users\smitj\repos\vv\vv-landing\vv-landing\apps\standard-website\app\corporate-version\login\page.tsx
C:\Users\smitj\repos\vv\vv-landing\vv-landing\apps\standard-website\app\corporate-version\marketing\client.tsx
C:\Users\smitj\repos\vv\vv-landing\vv-landing\apps\standard-website\app\corporate-version\marketing\layout.tsx
C:\Users\smitj\repos\vv\vv-landing\vv-landing\apps\standard-website\app\corporate-version\marketing\loading.tsx
C:\Users\smitj\repos\vv\vv-landing\vv-landing\apps\standard-website\app\corporate-version\marketing\page.tsx
C:\Users\smitj\repos\vv\vv-landing\vv-landing\apps\standard-website\app\corporate-version\page.tsx
C:\Users\smitj\repos\vv\vv-landing\vv-landing\apps\standard-website\app\corporate-version\pricing\client.tsx
C:\Users\smitj\repos\vv\vv-landing\vv-landing\apps\standard-website\app\corporate-version\pricing\page.tsx
C:\Users\smitj\repos\vv\vv-landing\vv-landing\apps\standard-website\app\corporate-version\privacy\client.tsx
C:\Users\smitj\repos\vv\vv-landing\vv-landing\apps\standard-website\app\corporate-version\privacy\page.tsx
C:\Users\smitj\repos\vv\vv-landing\vv-landing\apps\standard-website\app\corporate-version\security\client.tsx
C:\Users\smitj\repos\vv\vv-landing\vv-landing\apps\standard-website\app\corporate-version\security\page.tsx
C:\Users\smitj\repos\vv\vv-landing\vv-landing\apps\standard-website\app\corporate-version\security\whitepaper\page.tsx
C:\Users\smitj\repos\vv\vv-landing\vv-landing\apps\standard-website\app\corporate-version\signup\client.tsx
C:\Users\smitj\repos\vv\vv-landing\vv-landing\apps\standard-website\app\corporate-version\signup\page.tsx
C:\Users\smitj\repos\vv\vv-landing\vv-landing\apps\standard-website\app\corporate-version\solutions\client.tsx
C:\Users\smitj\repos\vv\vv-landing\vv-landing\apps\standard-website\app\corporate-version\solutions\compliance\client.tsx
C:\Users\smitj\repos\vv\vv-landing\vv-landing\apps\standard-website\app\corporate-version\solutions\compliance\page.tsx
C:\Users\smitj\repos\vv\vv-landing\vv-landing\apps\standard-website\app\corporate-version\solutions\compliance\whitepaper\page.tsx
C:\Users\smitj\repos\vv\vv-landing\vv-landing\apps\standard-website\app\corporate-version\solutions\page.tsx
C:\Users\smitj\repos\vv\vv-landing\vv-landing\apps\standard-website\app\corporate-version\solutions\portfolio\client.tsx
C:\Users\smitj\repos\vv\vv-landing\vv-landing\apps\standard-website\app\corporate-version\solutions\portfolio\page.tsx
C:\Users\smitj\repos\vv\vv-landing\vv-landing\apps\standard-website\app\corporate-version\solutions\portfolio\whitepaper\page.tsx
C:\Users\smitj\repos\vv\vv-landing\vv-landing\apps\standard-website\app\corporate-version\solutions\risk\client.tsx
C:\Users\smitj\repos\vv\vv-landing\vv-landing\apps\standard-website\app\corporate-version\solutions\risk\page.tsx
C:\Users\smitj\repos\vv\vv-landing\vv-landing\apps\standard-website\app\corporate-version\solutions\risk\whitepaper\page.tsx
C:\Users\smitj\repos\vv\vv-landing\vv-landing\apps\standard-website\app\corporate-version\solutions\treasury\client.tsx
C:\Users\smitj\repos\vv\vv-landing\vv-landing\apps\standard-website\app\corporate-version\solutions\treasury\components\treasury-case-study.tsx
C:\Users\smitj\repos\vv\vv-landing\vv-landing\apps\standard-website\app\corporate-version\solutions\treasury\components\treasury-cta.tsx
C:\Users\smitj\repos\vv\vv-landing\vv-landing\apps\standard-website\app\corporate-version\solutions\treasury\components\treasury-dashboard.tsx
C:\Users\smitj\repos\vv\vv-landing\vv-landing\apps\standard-website\app\corporate-version\solutions\treasury\components\treasury-features.tsx
C:\Users\smitj\repos\vv\vv-landing\vv-landing\apps\standard-website\app\corporate-version\solutions\treasury\components\treasury-hero.tsx
C:\Users\smitj\repos\vv\vv-landing\vv-landing\apps\standard-website\app\corporate-version\solutions\treasury\page.tsx
C:\Users\smitj\repos\vv\vv-landing\vv-landing\apps\standard-website\app\corporate-version\solutions\treasury\whitepaper\page.tsx
C:\Users\smitj\repos\vv\vv-landing\vv-landing\apps\standard-website\app\corporate-version\terms\client.tsx
C:\Users\smitj\repos\vv\vv-landing\vv-landing\apps\standard-website\app\corporate-version\terms\page.tsx
C:\Users\smitj\repos\vv\vv-landing\vv-landing\apps\standard-website\app\corporate\dashboard\admin\page.tsx
C:\Users\smitj\repos\vv\vv-landing\vv-landing\apps\standard-website\app\corporate\dashboard\ai-analytics\page.tsx
C:\Users\smitj\repos\vv\vv-landing\vv-landing\apps\standard-website\app\corporate\dashboard\analytics\page.tsx
C:\Users\smitj\repos\vv\vv-landing\vv-landing\apps\standard-website\app\corporate\dashboard\consumer\page.tsx
C:\Users\smitj\repos\vv\vv-landing\vv-landing\apps\standard-website\app\corporate\dashboard\dashboard-content.tsx
C:\Users\smitj\repos\vv\vv-landing\vv-landing\apps\standard-website\app\corporate\dashboard\events\page.tsx
C:\Users\smitj\repos\vv\vv-landing\vv-landing\apps\standard-website\app\corporate\dashboard\flash-loans\page.tsx
C:\Users\smitj\repos\vv\vv-landing\vv-landing\apps\standard-website\app\corporate\dashboard\layout.tsx
C:\Users\smitj\repos\vv\vv-landing\vv-landing\apps\standard-website\app\corporate\dashboard\loading.tsx
C:\Users\smitj\repos\vv\vv-landing\vv-landing\apps\standard-website\app\corporate\dashboard\market\page.tsx
C:\Users\smitj\repos\vv\vv-landing\vv-landing\apps\standard-website\app\corporate\dashboard\model-portfolio\page.tsx
C:\Users\smitj\repos\vv\vv-landing\vv-landing\apps\standard-website\app\corporate\dashboard\models.tsx
C:\Users\smitj\repos\vv\vv-landing\vv-landing\apps\standard-website\app\corporate\dashboard\offchain\page.tsx
C:\Users\smitj\repos\vv\vv-landing\vv-landing\apps\standard-website\app\corporate\dashboard\onchain\page.tsx
C:\Users\smitj\repos\vv\vv-landing\vv-landing\apps\standard-website\app\corporate\dashboard\overview.module.css
C:\Users\smitj\repos\vv\vv-landing\vv-landing\apps\standard-website\app\corporate\dashboard\overview.tsx
C:\Users\smitj\repos\vv\vv-landing\vv-landing\apps\standard-website\app\corporate\dashboard\page.tsx
C:\Users\smitj\repos\vv\vv-landing\vv-landing\apps\standard-website\app\corporate\dashboard\performance.tsx
C:\Users\smitj\repos\vv\vv-landing\vv-landing\apps\standard-website\app\corporate\dashboard\performance\page.tsx
C:\Users\smitj\repos\vv\vv-landing\vv-landing\apps\standard-website\app\corporate\dashboard\portfolio\page.tsx
C:\Users\smitj\repos\vv\vv-landing\vv-landing\apps\standard-website\app\corporate\dashboard\risk-assessment\page.tsx
C:\Users\smitj\repos\vv\vv-landing\vv-landing\apps\standard-website\app\corporate\dashboard\strategies\page.tsx
C:\Users\smitj\repos\vv\vv-landing\vv-landing\apps\standard-website\app\corporate\dashboard\tezos-liquidity\page.tsx
C:\Users\smitj\repos\vv\vv-landing\vv-landing\apps\standard-website\app\corporate\dashboard\treasury\page.tsx
C:\Users\smitj\repos\vv\vv-landing\vv-landing\apps\standard-website\app\corporate\dashboard\voting.module.css
C:\Users\smitj\repos\vv\vv-landing\vv-landing\apps\standard-website\app\corporate\dashboard\voting.tsx
C:\Users\smitj\repos\vv\vv-landing\vv-landing\apps\standard-website\app\corporate\dashboard\voting\page.tsx
C:\Users\smitj\repos\vv\vv-landing\vv-landing\apps\standard-website\app\corporate\dashboard\watchlist\page.tsx
C:\Users\smitj\repos\vv\vv-landing\vv-landing\apps\standard-website\app\dashboard\protocols\page.tsx
C:\Users\smitj\repos\vv\vv-landing\vv-landing\apps\standard-website\app\demo-mode\page.tsx
C:\Users\smitj\repos\vv\vv-landing\vv-landing\apps\standard-website\app\demo\ClientPage.tsx
C:\Users\smitj\repos\vv\vv-landing\vv-landing\apps\standard-website\app\demo\landing\layout.tsx
C:\Users\smitj\repos\vv\vv-landing\vv-landing\apps\standard-website\app\demo\layout.tsx
C:\Users\smitj\repos\vv\vv-landing\vv-landing\apps\standard-website\app\demo\loading.tsx
C:\Users\smitj\repos\vv\vv-landing\vv-landing\apps\standard-website\app\enhanced-dark-theme.css
C:\Users\smitj\repos\vv\vv-landing\vv-landing\apps\standard-website\app\globals-corporate.css
C:\Users\smitj\repos\vv\vv-landing\vv-landing\apps\standard-website\app\globals-standard.css
C:\Users\smitj\repos\vv\vv-landing\vv-landing\apps\standard-website\app\globals.css
C:\Users\smitj\repos\vv\vv-landing\vv-landing\apps\standard-website\app\google-analytics.tsx
C:\Users\smitj\repos\vv\vv-landing\vv-landing\apps\standard-website\app\hero-showcase\page.tsx
C:\Users\smitj\repos\vv\vv-landing\vv-landing\apps\standard-website\app\how-it-works\page.tsx
C:\Users\smitj\repos\vv\vv-landing\vv-landing\apps\standard-website\app\layout-with-mocks.tsx
C:\Users\smitj\repos\vv\vv-landing\vv-landing\apps\standard-website\app\layout.tsx
C:\Users\smitj\repos\vv\vv-landing\vv-landing\apps\standard-website\app\light-mode.css
C:\Users\smitj\repos\vv\vv-landing\vv-landing\apps\standard-website\app\login\client.tsx
C:\Users\smitj\repos\vv\vv-landing\vv-landing\apps\standard-website\app\login\page.tsx
C:\Users\smitj\repos\vv\vv-landing\vv-landing\apps\standard-website\app\mocks.ts
C:\Users\smitj\repos\vv\vv-landing\vv-landing\apps\standard-website\app\page.tsx
C:\Users\smitj\repos\vv\vv-landing\vv-landing\apps\standard-website\app\providers.tsx
C:\Users\smitj\repos\vv\vv-landing\vv-landing\apps\standard-website\app\screenshot-match.css
C:\Users\smitj\repos\vv\vv-landing\vv-landing\apps\standard-website\app\sitemap.ts
C:\Users\smitj\repos\vv\vv-landing\vv-landing\apps\standard-website\app\standard-demo\landing\page.tsx
C:\Users\smitj\repos\vv\vv-landing\vv-landing\apps\standard-website\app\standard-demo\page.tsx
C:\Users\smitj\repos\vv\vv-landing\vv-landing\apps\standard-website\app\standard-design-tokens.css
C:\Users\smitj\repos\vv\vv-landing\vv-landing\apps\standard-website\app\standard-variables.css
C:\Users\smitj\repos\vv\vv-landing\vv-landing\apps\standard-website\app\standard-version\dashboard\loading.tsx
C:\Users\smitj\repos\vv\vv-landing\vv-landing\apps\standard-website\app\standard-version\dashboard\page.server.tsx
C:\Users\smitj\repos\vv\vv-landing\vv-landing\apps\standard-website\app\standard-version\dashboard\page.tsx
C:\Users\smitj\repos\vv\vv-landing\vv-landing\apps\standard-website\app\standard-version\marketing\loading.tsx
C:\Users\smitj\repos\vv\vv-landing\vv-landing\apps\standard-website\app\standard-version\marketing\page.tsx
C:\Users\smitj\repos\vv\vv-landing\vv-landing\apps\standard-website\app\standard-version\page.tsx
C:\Users\smitj\repos\vv\vv-landing\vv-landing\apps\standard-website\app\theme-initializer-client.tsx
C:\Users\smitj\repos\vv\vv-landing\vv-landing\apps\standard-website\app\theme-initializer.tsx
C:\Users\smitj\repos\vv\vv-landing\vv-landing\apps\standard-website\app\theme-script.tsx
C:\Users\smitj\repos\vv\vv-landing\vv-landing\apps\standard-website\app\theme-transitions.css
C:\Users\smitj\repos\vv\vv-landing\vv-landing\apps\standard-website\app\theme-variables.css
C:\Users\smitj\repos\vv\vv-landing\vv-landing\apps\standard-website\app\version-theme-variables.css
C:\Users\smitj\repos\vv\vv-landing\vv-landing\apps\standard-website\app\VersionSelectionPage.module.css
C:\Users\smitj\repos\vv\vv-landing\vv-landing\apps\standard-website\app\VersionSelectionPage.tsx
C:\Users\smitj\repos\vv\vv-landing\vv-landing\apps\standard-website\app\VersionSelectionPageBridge.tsx
C:\Users\smitj\repos\vv\vv-landing\vv-landing\apps\standard-website\app\whitepaper\page.tsx
C:\Users\smitj\repos\vv\vv-landing\vv-landing\apps\standard-website\auth\callback\route.ts
C:\Users\smitj\repos\vv\vv-landing\vv-landing\apps\standard-website\auth\layout.tsx
C:\Users\smitj\repos\vv\vv-landing\vv-landing\apps\standard-website\auth\login\loading.tsx
C:\Users\smitj\repos\vv\vv-landing\vv-landing\apps\standard-website\auth\login\page.tsx
C:\Users\smitj\repos\vv\vv-landing\vv-landing\apps\standard-website\auth\register\page.tsx
C:\Users\smitj\repos\vv\vv-landing\vv-landing\apps\standard-website\auth\reset-password\page.tsx
C:\Users\smitj\repos\vv\vv-landing\vv-landing\apps\standard-website\auth\update-password\page.tsx
C:\Users\smitj\repos\vv\vv-landing\vv-landing\apps\standard-website\brand\page.tsx
C:\Users\smitj\repos\vv\vv-landing\vv-landing\apps\standard-website\ClientPage.tsx
C:\Users\smitj\repos\vv\vv-landing\vv-landing\apps\standard-website\compare\loading.tsx
C:\Users\smitj\repos\vv\vv-landing\vv-landing\apps\standard-website\compare\page.tsx
C:\Users\smitj\repos\vv\vv-landing\vv-landing\apps\standard-website\components\version-selection\CorporateVersionCard.tsx
C:\Users\smitj\repos\vv\vv-landing\vv-landing\apps\standard-website\components\version-selection\StandardVersionCard.tsx
C:\Users\smitj\repos\vv\vv-landing\vv-landing\apps\standard-website\components\version-selection\ThemeSelectionModal.module.css
C:\Users\smitj\repos\vv\vv-landing\vv-landing\apps\standard-website\components\version-selection\ThemeSelectionModal.tsx
C:\Users\smitj\repos\vv\vv-landing\vv-landing\apps\standard-website\components\version-selection\VersionBackground.tsx
C:\Users\smitj\repos\vv\vv-landing\vv-landing\apps\standard-website\components\version-selection\VersionCard.module.css
C:\Users\smitj\repos\vv\vv-landing\vv-landing\apps\standard-website\components\version-selection\VersionCardFeatureList.tsx
C:\Users\smitj\repos\vv\vv-landing\vv-landing\apps\standard-website\components\version-selection\VersionCardFooter.tsx
C:\Users\smitj\repos\vv\vv-landing\vv-landing\apps\standard-website\components\version-selection\VersionCardHeader.tsx
C:\Users\smitj\repos\vv\vv-landing\vv-landing\apps\standard-website\components\version-selection\VersionFooter.tsx
C:\Users\smitj\repos\vv\vv-landing\vv-landing\apps\standard-website\components\version-selection\VersionHeader.tsx
C:\Users\smitj\repos\vv\vv-landing\vv-landing\apps\standard-website\contact\page.tsx
C:\Users\smitj\repos\vv\vv-landing\vv-landing\apps\standard-website\corporate-version\about\client.tsx
C:\Users\smitj\repos\vv\vv-landing\vv-landing\apps\standard-website\corporate-version\about\page.tsx
C:\Users\smitj\repos\vv\vv-landing\vv-landing\apps\standard-website\corporate-version\careers\client.tsx
C:\Users\smitj\repos\vv\vv-landing\vv-landing\apps\standard-website\corporate-version\careers\page.tsx
C:\Users\smitj\repos\vv\vv-landing\vv-landing\apps\standard-website\corporate-version\client.tsx
C:\Users\smitj\repos\vv\vv-landing\vv-landing\apps\standard-website\corporate-version\compliance\client.tsx
C:\Users\smitj\repos\vv\vv-landing\vv-landing\apps\standard-website\corporate-version\compliance\page.tsx
C:\Users\smitj\repos\vv\vv-landing\vv-landing\apps\standard-website\corporate-version\compliance\whitepaper\page.tsx
C:\Users\smitj\repos\vv\vv-landing\vv-landing\apps\standard-website\corporate-version\contact\client.tsx
C:\Users\smitj\repos\vv\vv-landing\vv-landing\apps\standard-website\corporate-version\contact\page.tsx
C:\Users\smitj\repos\vv\vv-landing\vv-landing\apps\standard-website\corporate-version\cookies\client.tsx
C:\Users\smitj\repos\vv\vv-landing\vv-landing\apps\standard-website\corporate-version\cookies\page.tsx
C:\Users\smitj\repos\vv\vv-landing\vv-landing\apps\standard-website\corporate-version\demo\client.tsx
C:\Users\smitj\repos\vv\vv-landing\vv-landing\apps\standard-website\corporate-version\demo\page.tsx
C:\Users\smitj\repos\vv\vv-landing\vv-landing\apps\standard-website\corporate-version\forgot-password\client.tsx
C:\Users\smitj\repos\vv\vv-landing\vv-landing\apps\standard-website\corporate-version\forgot-password\page.tsx
C:\Users\smitj\repos\vv\vv-landing\vv-landing\apps\standard-website\corporate-version\layout-client.tsx
C:\Users\smitj\repos\vv\vv-landing\vv-landing\apps\standard-website\corporate-version\layout.tsx
C:\Users\smitj\repos\vv\vv-landing\vv-landing\apps\standard-website\corporate-version\login\client.tsx
C:\Users\smitj\repos\vv\vv-landing\vv-landing\apps\standard-website\corporate-version\login\page.tsx
C:\Users\smitj\repos\vv\vv-landing\vv-landing\apps\standard-website\corporate-version\marketing\client.tsx
C:\Users\smitj\repos\vv\vv-landing\vv-landing\apps\standard-website\corporate-version\marketing\layout.tsx
C:\Users\smitj\repos\vv\vv-landing\vv-landing\apps\standard-website\corporate-version\marketing\loading.tsx
C:\Users\smitj\repos\vv\vv-landing\vv-landing\apps\standard-website\corporate-version\marketing\page.tsx
C:\Users\smitj\repos\vv\vv-landing\vv-landing\apps\standard-website\corporate-version\page.tsx
C:\Users\smitj\repos\vv\vv-landing\vv-landing\apps\standard-website\corporate-version\pricing\client.tsx
C:\Users\smitj\repos\vv\vv-landing\vv-landing\apps\standard-website\corporate-version\pricing\page.tsx
C:\Users\smitj\repos\vv\vv-landing\vv-landing\apps\standard-website\corporate-version\privacy\client.tsx
C:\Users\smitj\repos\vv\vv-landing\vv-landing\apps\standard-website\corporate-version\privacy\page.tsx
C:\Users\smitj\repos\vv\vv-landing\vv-landing\apps\standard-website\corporate-version\security\client.tsx
C:\Users\smitj\repos\vv\vv-landing\vv-landing\apps\standard-website\corporate-version\security\page.tsx
C:\Users\smitj\repos\vv\vv-landing\vv-landing\apps\standard-website\corporate-version\security\whitepaper\page.tsx
C:\Users\smitj\repos\vv\vv-landing\vv-landing\apps\standard-website\corporate-version\signup\client.tsx
C:\Users\smitj\repos\vv\vv-landing\vv-landing\apps\standard-website\corporate-version\signup\page.tsx
C:\Users\smitj\repos\vv\vv-landing\vv-landing\apps\standard-website\corporate-version\solutions\client.tsx
C:\Users\smitj\repos\vv\vv-landing\vv-landing\apps\standard-website\corporate-version\solutions\compliance\client.tsx
C:\Users\smitj\repos\vv\vv-landing\vv-landing\apps\standard-website\corporate-version\solutions\compliance\page.tsx
C:\Users\smitj\repos\vv\vv-landing\vv-landing\apps\standard-website\corporate-version\solutions\compliance\whitepaper\page.tsx
C:\Users\smitj\repos\vv\vv-landing\vv-landing\apps\standard-website\corporate-version\solutions\page.tsx
C:\Users\smitj\repos\vv\vv-landing\vv-landing\apps\standard-website\corporate-version\solutions\portfolio\client.tsx
C:\Users\smitj\repos\vv\vv-landing\vv-landing\apps\standard-website\corporate-version\solutions\portfolio\page.tsx
C:\Users\smitj\repos\vv\vv-landing\vv-landing\apps\standard-website\corporate-version\solutions\portfolio\whitepaper\page.tsx
C:\Users\smitj\repos\vv\vv-landing\vv-landing\apps\standard-website\corporate-version\solutions\risk\client.tsx
C:\Users\smitj\repos\vv\vv-landing\vv-landing\apps\standard-website\corporate-version\solutions\risk\page.tsx
C:\Users\smitj\repos\vv\vv-landing\vv-landing\apps\standard-website\corporate-version\solutions\risk\whitepaper\page.tsx
C:\Users\smitj\repos\vv\vv-landing\vv-landing\apps\standard-website\corporate-version\solutions\treasury\client.tsx
C:\Users\smitj\repos\vv\vv-landing\vv-landing\apps\standard-website\corporate-version\solutions\treasury\components\treasury-case-study.tsx
C:\Users\smitj\repos\vv\vv-landing\vv-landing\apps\standard-website\corporate-version\solutions\treasury\components\treasury-cta.tsx
C:\Users\smitj\repos\vv\vv-landing\vv-landing\apps\standard-website\corporate-version\solutions\treasury\components\treasury-dashboard.tsx
C:\Users\smitj\repos\vv\vv-landing\vv-landing\apps\standard-website\corporate-version\solutions\treasury\components\treasury-features.tsx
C:\Users\smitj\repos\vv\vv-landing\vv-landing\apps\standard-website\corporate-version\solutions\treasury\components\treasury-hero.tsx
C:\Users\smitj\repos\vv\vv-landing\vv-landing\apps\standard-website\corporate-version\solutions\treasury\page.tsx
C:\Users\smitj\repos\vv\vv-landing\vv-landing\apps\standard-website\corporate-version\solutions\treasury\whitepaper\page.tsx
C:\Users\smitj\repos\vv\vv-landing\vv-landing\apps\standard-website\corporate-version\terms\client.tsx
C:\Users\smitj\repos\vv\vv-landing\vv-landing\apps\standard-website\corporate-version\terms\page.tsx
C:\Users\smitj\repos\vv\vv-landing\vv-landing\apps\standard-website\corporate\dashboard\admin\page.tsx
C:\Users\smitj\repos\vv\vv-landing\vv-landing\apps\standard-website\corporate\dashboard\ai-analytics\page.tsx
C:\Users\smitj\repos\vv\vv-landing\vv-landing\apps\standard-website\corporate\dashboard\analytics\page.tsx
C:\Users\smitj\repos\vv\vv-landing\vv-landing\apps\standard-website\corporate\dashboard\consumer\page.tsx
C:\Users\smitj\repos\vv\vv-landing\vv-landing\apps\standard-website\corporate\dashboard\dashboard-content.tsx
C:\Users\smitj\repos\vv\vv-landing\vv-landing\apps\standard-website\corporate\dashboard\events\page.tsx
C:\Users\smitj\repos\vv\vv-landing\vv-landing\apps\standard-website\corporate\dashboard\flash-loans\page.tsx
C:\Users\smitj\repos\vv\vv-landing\vv-landing\apps\standard-website\corporate\dashboard\layout.tsx
C:\Users\smitj\repos\vv\vv-landing\vv-landing\apps\standard-website\corporate\dashboard\loading.tsx
C:\Users\smitj\repos\vv\vv-landing\vv-landing\apps\standard-website\corporate\dashboard\market\page.tsx
C:\Users\smitj\repos\vv\vv-landing\vv-landing\apps\standard-website\corporate\dashboard\model-portfolio\page.tsx
C:\Users\smitj\repos\vv\vv-landing\vv-landing\apps\standard-website\corporate\dashboard\models.tsx
C:\Users\smitj\repos\vv\vv-landing\vv-landing\apps\standard-website\corporate\dashboard\offchain\page.tsx
C:\Users\smitj\repos\vv\vv-landing\vv-landing\apps\standard-website\corporate\dashboard\onchain\page.tsx
C:\Users\smitj\repos\vv\vv-landing\vv-landing\apps\standard-website\corporate\dashboard\overview.module.css
C:\Users\smitj\repos\vv\vv-landing\vv-landing\apps\standard-website\corporate\dashboard\overview.tsx
C:\Users\smitj\repos\vv\vv-landing\vv-landing\apps\standard-website\corporate\dashboard\page.tsx
C:\Users\smitj\repos\vv\vv-landing\vv-landing\apps\standard-website\corporate\dashboard\performance.tsx
C:\Users\smitj\repos\vv\vv-landing\vv-landing\apps\standard-website\corporate\dashboard\performance\page.tsx
C:\Users\smitj\repos\vv\vv-landing\vv-landing\apps\standard-website\corporate\dashboard\portfolio\page.tsx
C:\Users\smitj\repos\vv\vv-landing\vv-landing\apps\standard-website\corporate\dashboard\risk-assessment\page.tsx
C:\Users\smitj\repos\vv\vv-landing\vv-landing\apps\standard-website\corporate\dashboard\strategies\page.tsx
C:\Users\smitj\repos\vv\vv-landing\vv-landing\apps\standard-website\corporate\dashboard\tezos-liquidity\page.tsx
C:\Users\smitj\repos\vv\vv-landing\vv-landing\apps\standard-website\corporate\dashboard\treasury\page.tsx
C:\Users\smitj\repos\vv\vv-landing\vv-landing\apps\standard-website\corporate\dashboard\voting.module.css
C:\Users\smitj\repos\vv\vv-landing\vv-landing\apps\standard-website\corporate\dashboard\voting.tsx
C:\Users\smitj\repos\vv\vv-landing\vv-landing\apps\standard-website\corporate\dashboard\voting\page.tsx
C:\Users\smitj\repos\vv\vv-landing\vv-landing\apps\standard-website\corporate\dashboard\watchlist\page.tsx
C:\Users\smitj\repos\vv\vv-landing\vv-landing\apps\standard-website\dashboard\protocols\page.tsx
C:\Users\smitj\repos\vv\vv-landing\vv-landing\apps\standard-website\demo-mode\page.tsx
C:\Users\smitj\repos\vv\vv-landing\vv-landing\apps\standard-website\demo\ClientPage.tsx
C:\Users\smitj\repos\vv\vv-landing\vv-landing\apps\standard-website\demo\landing\layout.tsx
C:\Users\smitj\repos\vv\vv-landing\vv-landing\apps\standard-website\demo\layout.tsx
C:\Users\smitj\repos\vv\vv-landing\vv-landing\apps\standard-website\demo\loading.tsx
C:\Users\smitj\repos\vv\vv-landing\vv-landing\apps\standard-website\enhanced-dark-theme.css
C:\Users\smitj\repos\vv\vv-landing\vv-landing\apps\standard-website\globals-corporate.css
C:\Users\smitj\repos\vv\vv-landing\vv-landing\apps\standard-website\globals-standard.css
C:\Users\smitj\repos\vv\vv-landing\vv-landing\apps\standard-website\globals.css
C:\Users\smitj\repos\vv\vv-landing\vv-landing\apps\standard-website\google-analytics.tsx
C:\Users\smitj\repos\vv\vv-landing\vv-landing\apps\standard-website\hero-showcase\page.tsx
C:\Users\smitj\repos\vv\vv-landing\vv-landing\apps\standard-website\how-it-works\page.tsx
C:\Users\smitj\repos\vv\vv-landing\vv-landing\apps\standard-website\layout-with-mocks.tsx
C:\Users\smitj\repos\vv\vv-landing\vv-landing\apps\standard-website\layout.tsx
C:\Users\smitj\repos\vv\vv-landing\vv-landing\apps\standard-website\light-mode.css
C:\Users\smitj\repos\vv\vv-landing\vv-landing\apps\standard-website\login\client.tsx
C:\Users\smitj\repos\vv\vv-landing\vv-landing\apps\standard-website\login\page.tsx
C:\Users\smitj\repos\vv\vv-landing\vv-landing\apps\standard-website\mocks.ts
C:\Users\smitj\repos\vv\vv-landing\vv-landing\apps\standard-website\page.tsx
C:\Users\smitj\repos\vv\vv-landing\vv-landing\apps\standard-website\providers.tsx
C:\Users\smitj\repos\vv\vv-landing\vv-landing\apps\standard-website\screenshot-match.css
C:\Users\smitj\repos\vv\vv-landing\vv-landing\apps\standard-website\sitemap.ts
C:\Users\smitj\repos\vv\vv-landing\vv-landing\apps\standard-website\standard-demo\landing\page.tsx
C:\Users\smitj\repos\vv\vv-landing\vv-landing\apps\standard-website\standard-demo\page.tsx
C:\Users\smitj\repos\vv\vv-landing\vv-landing\apps\standard-website\standard-design-tokens.css
C:\Users\smitj\repos\vv\vv-landing\vv-landing\apps\standard-website\standard-variables.css
C:\Users\smitj\repos\vv\vv-landing\vv-landing\apps\standard-website\standard-version\dashboard\loading.tsx
C:\Users\smitj\repos\vv\vv-landing\vv-landing\apps\standard-website\standard-version\dashboard\page.server.tsx
C:\Users\smitj\repos\vv\vv-landing\vv-landing\apps\standard-website\standard-version\dashboard\page.tsx
C:\Users\smitj\repos\vv\vv-landing\vv-landing\apps\standard-website\standard-version\marketing\loading.tsx
C:\Users\smitj\repos\vv\vv-landing\vv-landing\apps\standard-website\standard-version\marketing\page.tsx
C:\Users\smitj\repos\vv\vv-landing\vv-landing\apps\standard-website\standard-version\page.tsx
C:\Users\smitj\repos\vv\vv-landing\vv-landing\apps\standard-website\theme-initializer-client.tsx
C:\Users\smitj\repos\vv\vv-landing\vv-landing\apps\standard-website\theme-initializer.tsx
C:\Users\smitj\repos\vv\vv-landing\vv-landing\apps\standard-website\theme-script.tsx
C:\Users\smitj\repos\vv\vv-landing\vv-landing\apps\standard-website\theme-transitions.css
C:\Users\smitj\repos\vv\vv-landing\vv-landing\apps\standard-website\theme-variables.css
C:\Users\smitj\repos\vv\vv-landing\vv-landing\apps\standard-website\version-theme-variables.css
C:\Users\smitj\repos\vv\vv-landing\vv-landing\apps\standard-website\VersionSelectionPage.module.css
C:\Users\smitj\repos\vv\vv-landing\vv-landing\apps\standard-website\VersionSelectionPage.tsx
C:\Users\smitj\repos\vv\vv-landing\vv-landing\apps\standard-website\VersionSelectionPageBridge.tsx
C:\Users\smitj\repos\vv\vv-landing\vv-landing\apps\standard-website\whitepaper\page.tsx
C:\Users\smitj\repos\vv\vv-landing\vv-landing\components\corporate\auth\login-form.tsx
C:\Users\smitj\repos\vv\vv-landing\vv-landing\components\corporate\dashboard-summary\index.tsx
C:\Users\smitj\repos\vv\vv-landing\vv-landing\components\corporate\dashboard\offchain-dashboard.tsx
C:\Users\smitj\repos\vv\vv-landing\vv-landing\components\corporate\dashboard\tools\strategies-dashboard\components\performance\historical-performance\index.tsx
C:\Users\smitj\repos\vv\vv-landing\vv-landing\components\corporate\dashboard\tools\strategies-dashboard\components\performance\performance-heatmap.tsx
C:\Users\smitj\repos\vv\vv-landing\vv-landing\components\corporate\dashboard\tools\strategies-dashboard\components\performance\performance-metrics.tsx
C:\Users\smitj\repos\vv\vv-landing\vv-landing\components\corporate\dashboard\tools\strategies-dashboard\index.tsx
C:\Users\smitj\repos\vv\vv-landing\vv-landing\components\corporate\theme-settings.tsx
C:\Users\smitj\repos\vv\vv-landing\vv-landing\components\corporate\voting\index.tsx
C:\Users\smitj\repos\vv\vv-landing\vv-landing\components\dashboard\allocation-chart.tsx
C:\Users\smitj\repos\vv\vv-landing\vv-landing\components\dashboard\dashboard-overview.tsx
C:\Users\smitj\repos\vv\vv-landing\vv-landing\components\dashboard\dashboard-performance.tsx
C:\Users\smitj\repos\vv\vv-landing\vv-landing\components\demo\liquidity-pools-table.tsx
C:\Users\smitj\repos\vv\vv-landing\vv-landing\components\error-boundary\error-boundary.tsx
C:\Users\smitj\repos\vv\vv-landing\vv-landing\components\error-boundary\index.tsx
C:\Users\smitj\repos\vv\vv-landing\vv-landing\components\performance-chart.tsx
C:\Users\smitj\repos\vv\vv-landing\vv-landing\components\shared\index.ts
C:\Users\smitj\repos\vv\vv-landing\vv-landing\components\ui\error-boundary.tsx
C:\Users\smitj\repos\vv\vv-landing\vv-landing\components\ui\loading.tsx
C:\Users\smitj\repos\vv\vv-landing\vv-landing\components\unified-footer\components\index.ts
C:\Users\smitj\repos\vv\vv-landing\vv-landing\components\unified-footer\index.tsx
C:\Users\smitj\repos\vv\vv-landing\vv-landing\components\unified-header\index.tsx
C:\Users\smitj\repos\vv\vv-landing\vv-landing\contexts\dashboard\index.ts
C:\Users\smitj\repos\vv\vv-landing\vv-landing\contexts\dashboard\types.ts
C:\Users\smitj\repos\vv\vv-landing\vv-landing\lib\api\api-client.ts
C:\Users\smitj\repos\vv\vv-landing\vv-landing\lib\mocks\index.ts
C:\Users\smitj\repos\vv\vv-landing\vv-landing\lib\models\types.ts
C:\Users\smitj\repos\vv\vv-landing\vv-landing\lib\services\websocket-simulations\index.ts
C:\Users\smitj\repos\vv\vv-landing\vv-landing\lib\supabase\supabase.ts
C:\Users\smitj\repos\vv\vv-landing\vv-landing\mocks\browser.ts
C:\Users\smitj\repos\vv\vv-landing\vv-landing\mocks\handlers\index.ts
C:\Users\smitj\repos\vv\vv-landing\vv-landing\mocks\index.ts
C:\Users\smitj\repos\vv\vv-landing\vv-landing\packages\shared\components\ai-analytics-dashboard.tsx
C:\Users\smitj\repos\vv\vv-landing\vv-landing\packages\shared\components\ai-prediction-dialog.tsx
C:\Users\smitj\repos\vv\vv-landing\vv-landing\packages\shared\components\ai-strategy-recommendation.tsx
C:\Users\smitj\repos\vv\vv-landing\vv-landing\packages\shared\components\ai\ai-badge.tsx
C:\Users\smitj\repos\vv\vv-landing\vv-landing\packages\shared\components\ai\ai-confidence-indicator.tsx
C:\Users\smitj\repos\vv\vv-landing\vv-landing\packages\shared\components\ai\ai-feedback.tsx
C:\Users\smitj\repos\vv\vv-landing\vv-landing\packages\shared\components\ai\ai-settings-control.tsx
C:\Users\smitj\repos\vv\vv-landing\vv-landing\packages\shared\components\ai\ai-settings-display.tsx
C:\Users\smitj\repos\vv\vv-landing\vv-landing\packages\shared\components\ai\ai-settings-features.tsx
C:\Users\smitj\repos\vv\vv-landing\vv-landing\packages\shared\components\ai\ai-settings-general.tsx
C:\Users\smitj\repos\vv\vv-landing\vv-landing\packages\shared\components\ai\ai-settings-personalization.tsx
C:\Users\smitj\repos\vv\vv-landing\vv-landing\packages\shared\components\ai\ai-settings-privacy.tsx
C:\Users\smitj\repos\vv\vv-landing\vv-landing\packages\shared\components\ai\ai-settings-provider.tsx
C:\Users\smitj\repos\vv\vv-landing\vv-landing\packages\shared\components\ai\ai-settings-types.ts
C:\Users\smitj\repos\vv\vv-landing\vv-landing\packages\shared\components\allocation-chart.tsx
C:\Users\smitj\repos\vv\vv-landing\vv-landing\packages\shared\components\analytics\analytics-alerts.tsx
C:\Users\smitj\repos\vv\vv-landing\vv-landing\packages\shared\components\analytics\analytics-dashboard.tsx
C:\Users\smitj\repos\vv\vv-landing\vv-landing\packages\shared\components\analytics\analytics-guide.tsx
C:\Users\smitj\repos\vv\vv-landing\vv-landing\packages\shared\components\analytics\analytics-verification.tsx
C:\Users\smitj\repos\vv\vv-landing\vv-landing\packages\shared\components\analytics\conversion-funnels.tsx
C:\Users\smitj\repos\vv\vv-landing\vv-landing\packages\shared\components\analytics\custom-dimensions-guide.tsx
C:\Users\smitj\repos\vv\vv-landing\vv-landing\packages\shared\components\analytics\feature-usage-tracker.tsx
C:\Users\smitj\repos\vv\vv-landing\vv-landing\packages\shared\components\analytics\funnel-visualization-chart.tsx
C:\Users\smitj\repos\vv\vv-landing\vv-landing\packages\shared\components\analytics\funnel-visualization-guide.tsx
C:\Users\smitj\repos\vv\vv-landing\vv-landing\packages\shared\components\analytics\google-analytics-provider.tsx
C:\Users\smitj\repos\vv\vv-landing\vv-landing\packages\shared\components\analytics\track-event.tsx
C:\Users\smitj\repos\vv\vv-landing\vv-landing\packages\shared\components\analytics\tracked-button.tsx
C:\Users\smitj\repos\vv\vv-landing\vv-landing\packages\shared\components\analytics\with-page-view-tracking.tsx
C:\Users\smitj\repos\vv\vv-landing\vv-landing\packages\shared\components\auth\login-dialog.tsx
C:\Users\smitj\repos\vv\vv-landing\vv-landing\packages\shared\components\auth\login-form-wrapper.tsx
C:\Users\smitj\repos\vv\vv-landing\vv-landing\packages\shared\components\auth\login-form.tsx
C:\Users\smitj\repos\vv\vv-landing\vv-landing\packages\shared\components\auth\protected-route.tsx
C:\Users\smitj\repos\vv\vv-landing\vv-landing\packages\shared\components\auth\register-dialog.tsx
C:\Users\smitj\repos\vv\vv-landing\vv-landing\packages\shared\components\auth\register-form.tsx
C:\Users\smitj\repos\vv\vv-landing\vv-landing\packages\shared\components\auth\reset-password-form.tsx
C:\Users\smitj\repos\vv\vv-landing\vv-landing\packages\shared\components\auth\social-login-button.tsx
C:\Users\smitj\repos\vv\vv-landing\vv-landing\packages\shared\components\auth\social-logins.tsx
C:\Users\smitj\repos\vv\vv-landing\vv-landing\packages\shared\components\auth\version-aware-login-form.tsx
C:\Users\smitj\repos\vv\vv-landing\vv-landing\packages\shared\components\auth\version-aware-register-form-wrapper.tsx
C:\Users\smitj\repos\vv\vv-landing\vv-landing\packages\shared\components\auth\version-aware-register-form.tsx
C:\Users\smitj\repos\vv\vv-landing\vv-landing\packages\shared\components\auth\version-aware-social-logins.tsx
C:\Users\smitj\repos\vv\vv-landing\vv-landing\packages\shared\components\common-image-preloader.tsx
C:\Users\smitj\repos\vv\vv-landing\vv-landing\packages\shared\components\competitive-analysis.tsx
C:\Users\smitj\repos\vv\vv-landing\vv-landing\packages\shared\components\contact-form.tsx
C:\Users\smitj\repos\vv\vv-landing\vv-landing\packages\shared\components\corporate\about\about-hero.tsx
C:\Users\smitj\repos\vv\vv-landing\vv-landing\packages\shared\components\corporate\about\about-mission.tsx
C:\Users\smitj\repos\vv\vv-landing\vv-landing\packages\shared\components\corporate\about\about-team.tsx
C:\Users\smitj\repos\vv\vv-landing\vv-landing\packages\shared\components\corporate\about\about-timeline.tsx
C:\Users\smitj\repos\vv\vv-landing\vv-landing\packages\shared\components\corporate\auth\login-form.tsx
C:\Users\smitj\repos\vv\vv-landing\vv-landing\packages\shared\components\corporate\careers\careers-benefits.tsx
C:\Users\smitj\repos\vv\vv-landing\vv-landing\packages\shared\components\corporate\careers\careers-hero.tsx
C:\Users\smitj\repos\vv\vv-landing\vv-landing\packages\shared\components\corporate\careers\careers-openings.tsx
C:\Users\smitj\repos\vv\vv-landing\vv-landing\packages\shared\components\corporate\careers\careers-values.tsx
C:\Users\smitj\repos\vv\vv-landing\vv-landing\packages\shared\components\corporate\coming-soon-banner.tsx
C:\Users\smitj\repos\vv\vv-landing\vv-landing\packages\shared\components\corporate\corporate-landing-client-only.tsx
C:\Users\smitj\repos\vv\vv-landing\vv-landing\packages\shared\components\corporate\corporate-landing-page-client.tsx
C:\Users\smitj\repos\vv\vv-landing\vv-landing\packages\shared\components\corporate\corporate-landing-page-with-theme.tsx
C:\Users\smitj\repos\vv\vv-landing\vv-landing\packages\shared\components\corporate\corporate-landing-page.tsx
C:\Users\smitj\repos\vv\vv-landing\vv-landing\packages\shared\components\corporate\corporate-page-wrapper.tsx
C:\Users\smitj\repos\vv\vv-landing\vv-landing\packages\shared\components\corporate\corporate-sidebar.tsx
C:\Users\smitj\repos\vv\vv-landing\vv-landing\packages\shared\components\corporate\dashboard-overview.tsx
C:\Users\smitj\repos\vv\vv-landing\vv-landing\packages\shared\components\corporate\dashboard-panel.module.css
C:\Users\smitj\repos\vv\vv-landing\vv-landing\packages\shared\components\corporate\dashboard-panel.tsx
C:\Users\smitj\repos\vv\vv-landing\vv-landing\packages\shared\components\corporate\dashboard-performance.tsx
C:\Users\smitj\repos\vv\vv-landing\vv-landing\packages\shared\components\corporate\dashboard-settings.tsx
C:\Users\smitj\repos\vv\vv-landing\vv-landing\packages\shared\components\corporate\dashboard-settings\index-improved.tsx
C:\Users\smitj\repos\vv\vv-landing\vv-landing\packages\shared\components\corporate\dashboard-settings\index.tsx
C:\Users\smitj\repos\vv\vv-landing\vv-landing\packages\shared\components\corporate\dashboard-settings\refresh-rate-settings.tsx
C:\Users\smitj\repos\vv\vv-landing\vv-landing\packages\shared\components\corporate\dashboard-settings\theme-settings.tsx
C:\Users\smitj\repos\vv\vv-landing\vv-landing\packages\shared\components\corporate\dashboard-settings\view-settings.tsx
C:\Users\smitj\repos\vv\vv-landing\vv-landing\packages\shared\components\corporate\dashboard-settings\visible-metrics-settings.tsx
C:\Users\smitj\repos\vv\vv-landing\vv-landing\packages\shared\components\corporate\dashboard-shell.tsx
C:\Users\smitj\repos\vv\vv-landing\vv-landing\packages\shared\components\corporate\dashboard-status.tsx
C:\Users\smitj\repos\vv\vv-landing\vv-landing\packages\shared\components\corporate\dashboard-summary\index.tsx
C:\Users\smitj\repos\vv\vv-landing\vv-landing\packages\shared\components\corporate\dashboard\analytics\charts\chain-activity-chart.tsx
C:\Users\smitj\repos\vv\vv-landing\vv-landing\packages\shared\components\corporate\dashboard\analytics\charts\correlation-analysis-chart.tsx
C:\Users\smitj\repos\vv\vv-landing\vv-landing\packages\shared\components\corporate\dashboard\analytics\charts\macroeconomic-indicators-chart.tsx
C:\Users\smitj\repos\vv\vv-landing\vv-landing\packages\shared\components\corporate\dashboard\analytics\charts\market-comparison-chart.tsx
C:\Users\smitj\repos\vv\vv-landing\vv-landing\packages\shared\components\corporate\dashboard\analytics\charts\protocol-metrics-chart.tsx
C:\Users\smitj\repos\vv\vv-landing\vv-landing\packages\shared\components\corporate\dashboard\analytics\lists\token-transfers-list.tsx
C:\Users\smitj\repos\vv\vv-landing\vv-landing\packages\shared\components\corporate\dashboard\analytics\offchain-dashboard.tsx
C:\Users\smitj\repos\vv\vv-landing\vv-landing\packages\shared\components\corporate\dashboard\analytics\onchain-dashboard.tsx
C:\Users\smitj\repos\vv\vv-landing\vv-landing\packages\shared\components\corporate\dashboard\analytics\tables\cross-chain-comparison-table.tsx
C:\Users\smitj\repos\vv\vv-landing\vv-landing\packages\shared\components\corporate\dashboard\analytics\tables\liquidity-pools-table.tsx
C:\Users\smitj\repos\vv\vv-landing\vv-landing\packages\shared\components\corporate\dashboard\corporate-dashboard-optimized.tsx
C:\Users\smitj\repos\vv\vv-landing\vv-landing\packages\shared\components\corporate\dashboard\corporate-dashboard.module.css
C:\Users\smitj\repos\vv\vv-landing\vv-landing\packages\shared\components\corporate\dashboard\corporate-dashboard.tsx
C:\Users\smitj\repos\vv\vv-landing\vv-landing\packages\shared\components\corporate\dashboard\corporate-portfolio-summary.tsx
C:\Users\smitj\repos\vv\vv-landing\vv-landing\packages\shared\components\corporate\dashboard\corporate-recent-activity.tsx
C:\Users\smitj\repos\vv\vv-landing\vv-landing\packages\shared\components\corporate\dashboard\corporate-risk-assessment.tsx
C:\Users\smitj\repos\vv\vv-landing\vv-landing\packages\shared\components\corporate\dashboard\corporate-upcoming-events.tsx
C:\Users\smitj\repos\vv\vv-landing\vv-landing\packages\shared\components\corporate\dashboard\dashboard-config.tsx
C:\Users\smitj\repos\vv\vv-landing\vv-landing\packages\shared\components\corporate\dashboard\offchain-dashboard.tsx
C:\Users\smitj\repos\vv\vv-landing\vv-landing\packages\shared\components\corporate\dashboard\performance-metrics.module.css
C:\Users\smitj\repos\vv\vv-landing\vv-landing\packages\shared\components\corporate\dashboard\performance-metrics.tsx
C:\Users\smitj\repos\vv\vv-landing\vv-landing\packages\shared\components\corporate\dashboard\proposals-list.module.css
C:\Users\smitj\repos\vv\vv-landing\vv-landing\packages\shared\components\corporate\dashboard\proposals-list.tsx
C:\Users\smitj\repos\vv\vv-landing\vv-landing\packages\shared\components\corporate\dashboard\status-card.module.css
C:\Users\smitj\repos\vv\vv-landing\vv-landing\packages\shared\components\corporate\dashboard\status-card.tsx
C:\Users\smitj\repos\vv\vv-landing\vv-landing\packages\shared\components\corporate\dashboard\tools\strategies-dashboard\components\active-strategies.tsx
C:\Users\smitj\repos\vv\vv-landing\vv-landing\packages\shared\components\corporate\dashboard\tools\strategies-dashboard\components\performance\historical-performance\drawdown-chart.tsx
C:\Users\smitj\repos\vv\vv-landing\vv-landing\packages\shared\components\corporate\dashboard\tools\strategies-dashboard\components\performance\historical-performance\index.tsx
C:\Users\smitj\repos\vv\vv-landing\vv-landing\packages\shared\components\corporate\dashboard\tools\strategies-dashboard\components\performance\historical-performance\performance-heatmap.tsx
C:\Users\smitj\repos\vv\vv-landing\vv-landing\packages\shared\components\corporate\dashboard\tools\strategies-dashboard\components\performance\historical-performance\performance-table.tsx
C:\Users\smitj\repos\vv\vv-landing\vv-landing\packages\shared\components\corporate\dashboard\tools\strategies-dashboard\components\performance\historical-performance\returns-chart.tsx
C:\Users\smitj\repos\vv\vv-landing\vv-landing\packages\shared\components\corporate\dashboard\tools\strategies-dashboard\components\performance\historical-performance\value-growth-chart.tsx
C:\Users\smitj\repos\vv\vv-landing\vv-landing\packages\shared\components\corporate\dashboard\tools\strategies-dashboard\components\performance\performance-comparison.tsx
C:\Users\smitj\repos\vv\vv-landing\vv-landing\packages\shared\components\corporate\dashboard\tools\strategies-dashboard\components\performance\performance-heatmap.tsx
C:\Users\smitj\repos\vv\vv-landing\vv-landing\packages\shared\components\corporate\dashboard\tools\strategies-dashboard\components\performance\performance-metrics.tsx
C:\Users\smitj\repos\vv\vv-landing\vv-landing\packages\shared\components\corporate\dashboard\tools\strategies-dashboard\components\performance\performance-overview.tsx
C:\Users\smitj\repos\vv\vv-landing\vv-landing\packages\shared\components\corporate\dashboard\tools\strategies-dashboard\components\performance\risk-analysis.tsx
C:\Users\smitj\repos\vv\vv-landing\vv-landing\packages\shared\components\corporate\dashboard\tools\strategies-dashboard\components\strategy-analytics.tsx
C:\Users\smitj\repos\vv\vv-landing\vv-landing\packages\shared\components\corporate\dashboard\tools\strategies-dashboard\components\strategy-creator.tsx
C:\Users\smitj\repos\vv\vv-landing\vv-landing\packages\shared\components\corporate\dashboard\tools\strategies-dashboard\components\strategy-marketplace.tsx
C:\Users\smitj\repos\vv\vv-landing\vv-landing\packages\shared\components\corporate\dashboard\tools\strategies-dashboard\components\strategy-performance.tsx
C:\Users\smitj\repos\vv\vv-landing\vv-landing\packages\shared\components\corporate\dashboard\tools\strategies-dashboard\hooks\use-historical-data.ts
C:\Users\smitj\repos\vv\vv-landing\vv-landing\packages\shared\components\corporate\dashboard\tools\strategies-dashboard\index.tsx
C:\Users\smitj\repos\vv\vv-landing\vv-landing\packages\shared\components\corporate\demo\dashboard.tsx
C:\Users\smitj\repos\vv\vv-landing\vv-landing\packages\shared\components\corporate\demo\demo-form.tsx
C:\Users\smitj\repos\vv\vv-landing\vv-landing\packages\shared\components\corporate\demo\landing.tsx
C:\Users\smitj\repos\vv\vv-landing\vv-landing\packages\shared\components\corporate\landing-sections\CtaSection.tsx
C:\Users\smitj\repos\vv\vv-landing\vv-landing\packages\shared\components\corporate\landing-sections\HeroSection.tsx
C:\Users\smitj\repos\vv\vv-landing\vv-landing\packages\shared\components\corporate\landing-sections\index.ts
C:\Users\smitj\repos\vv\vv-landing\vv-landing\packages\shared\components\corporate\landing-sections\InstitutionalBadges.tsx
C:\Users\smitj\repos\vv\vv-landing\vv-landing\packages\shared\components\corporate\landing-sections\KeyBenefits.tsx
C:\Users\smitj\repos\vv\vv-landing\vv-landing\packages\shared\components\corporate\landing-sections\SolutionsTabs.tsx
C:\Users\smitj\repos\vv\vv-landing\vv-landing\packages\shared\components\corporate\landing-sections\TrustedInstitutions.tsx
C:\Users\smitj\repos\vv\vv-landing\vv-landing\packages\shared\components\corporate\landing-sections\ValueProposition.tsx
C:\Users\smitj\repos\vv\vv-landing\vv-landing\packages\shared\components\corporate\lazy-dashboard-component.tsx
C:\Users\smitj\repos\vv\vv-landing\vv-landing\packages\shared\components\corporate\model-results.tsx
C:\Users\smitj\repos\vv\vv-landing\vv-landing\packages\shared\components\corporate\portfolio\allocation-section.module.css
C:\Users\smitj\repos\vv\vv-landing\vv-landing\packages\shared\components\corporate\portfolio\allocation-section.tsx
C:\Users\smitj\repos\vv\vv-landing\vv-landing\packages\shared\components\corporate\pricing\pricing-cta.tsx
C:\Users\smitj\repos\vv\vv-landing\vv-landing\packages\shared\components\corporate\pricing\pricing-faq.tsx
C:\Users\smitj\repos\vv\vv-landing\vv-landing\packages\shared\components\corporate\pricing\pricing-hero.tsx
C:\Users\smitj\repos\vv\vv-landing\vv-landing\packages\shared\components\corporate\pricing\pricing-tiers.tsx
C:\Users\smitj\repos\vv\vv-landing\vv-landing\packages\shared\components\corporate\protocols\protocol-allocation.factory.ts
C:\Users\smitj\repos\vv\vv-landing\vv-landing\packages\shared\components\corporate\protocols\protocol-allocation.mock.ts
C:\Users\smitj\repos\vv\vv-landing\vv-landing\packages\shared\components\corporate\protocols\protocol-allocation.module.css
C:\Users\smitj\repos\vv\vv-landing\vv-landing\packages\shared\components\corporate\protocols\protocol-allocation.skeleton.tsx
C:\Users\smitj\repos\vv\vv-landing\vv-landing\packages\shared\components\corporate\protocols\protocol-allocation.tsx
C:\Users\smitj\repos\vv\vv-landing\vv-landing\packages\shared\components\corporate\protocols\protocol-allocation.types.ts
C:\Users\smitj\repos\vv\vv-landing\vv-landing\packages\shared\components\corporate\protocols\protocol-card.tsx
C:\Users\smitj\repos\vv\vv-landing\vv-landing\packages\shared\components\corporate\protocols\protocol-item.tsx
C:\Users\smitj\repos\vv\vv-landing\vv-landing\packages\shared\components\corporate\protocols\utils\chart-utils.ts
C:\Users\smitj\repos\vv\vv-landing\vv-landing\packages\shared\components\corporate\protocols\warning-banner.tsx
C:\Users\smitj\repos\vv\vv-landing\vv-landing\packages\shared\components\corporate\simulation-indicator.module.css
C:\Users\smitj\repos\vv\vv-landing\vv-landing\packages\shared\components\corporate\simulation-indicator.tsx
C:\Users\smitj\repos\vv\vv-landing\vv-landing\packages\shared\components\corporate\solutions\solutions-cta.tsx
C:\Users\smitj\repos\vv\vv-landing\vv-landing\packages\shared\components\corporate\solutions\solutions-features.tsx
C:\Users\smitj\repos\vv\vv-landing\vv-landing\packages\shared\components\corporate\solutions\solutions-hero.tsx
C:\Users\smitj\repos\vv\vv-landing\vv-landing\packages\shared\components\corporate\solutions\solutions-overview.tsx
C:\Users\smitj\repos\vv\vv-landing\vv-landing\packages\shared\components\corporate\theme-settings.tsx
C:\Users\smitj\repos\vv\vv-landing\vv-landing\packages\shared\components\corporate\voting\active-proposals.tsx
C:\Users\smitj\repos\vv\vv-landing\vv-landing\packages\shared\components\corporate\voting\index.tsx
C:\Users\smitj\repos\vv\vv-landing\vv-landing\packages\shared\components\corporate\voting\proposals\proposal-card.tsx
C:\Users\smitj\repos\vv\vv-landing\vv-landing\packages\shared\components\corporate\voting\proposals\vote-progress.tsx
C:\Users\smitj\repos\vv\vv-landing\vv-landing\packages\shared\components\corporate\voting\voting-history.tsx
C:\Users\smitj\repos\vv\vv-landing\vv-landing\packages\shared\components\corporate\voting\voting-overview.mock.ts
C:\Users\smitj\repos\vv\vv-landing\vv-landing\packages\shared\components\corporate\voting\voting-overview.module.tsx
C:\Users\smitj\repos\vv\vv-landing\vv-landing\packages\shared\components\corporate\voting\voting-overview.skeleton.module.css
C:\Users\smitj\repos\vv\vv-landing\vv-landing\packages\shared\components\corporate\voting\voting-overview.skeleton.tsx
C:\Users\smitj\repos\vv\vv-landing\vv-landing\packages\shared\components\corporate\voting\voting-overview.tsx
C:\Users\smitj\repos\vv\vv-landing\vv-landing\packages\shared\components\corporate\voting\voting-overview\voting-overview.factory.ts
C:\Users\smitj\repos\vv\vv-landing\vv-landing\packages\shared\components\dashboard-preview.tsx
C:\Users\smitj\repos\vv\vv-landing\vv-landing\packages\shared\components\dashboard\allocation-chart.tsx
C:\Users\smitj\repos\vv\vv-landing\vv-landing\packages\shared\components\dashboard\dashboard-activity.tsx
C:\Users\smitj\repos\vv\vv-landing\vv-landing\packages\shared\components\dashboard\dashboard-layout.tsx
C:\Users\smitj\repos\vv\vv-landing\vv-landing\packages\shared\components\dashboard\dashboard-metrics.tsx
C:\Users\smitj\repos\vv\vv-landing\vv-landing\packages\shared\components\dashboard\dashboard-overview.tsx
C:\Users\smitj\repos\vv\vv-landing\vv-landing\packages\shared\components\dashboard\dashboard-performance.tsx
C:\Users\smitj\repos\vv\vv-landing\vv-landing\packages\shared\components\dashboard\dashboard-risk.tsx
C:\Users\smitj\repos\vv\vv-landing\vv-landing\packages\shared\components\dashboard\historical-performance-widget.tsx
C:\Users\smitj\repos\vv\vv-landing\vv-landing\packages\shared\components\dashboard\performance-chart.tsx
C:\Users\smitj\repos\vv\vv-landing\vv-landing\packages\shared\components\dashboard\strategy-performance-table.tsx
C:\Users\smitj\repos\vv\vv-landing\vv-landing\packages\shared\components\debug\debug-layout.tsx
C:\Users\smitj\repos\vv\vv-landing\vv-landing\packages\shared\components\defi-protocol-data.tsx
C:\Users\smitj\repos\vv\vv-landing\vv-landing\packages\shared\components\demo-metrics.tsx
C:\Users\smitj\repos\vv\vv-landing\vv-landing\packages\shared\components\demo-mode\achievement-toast.tsx
C:\Users\smitj\repos\vv\vv-landing\vv-landing\packages\shared\components\demo-mode\ai-insights.tsx
C:\Users\smitj\repos\vv\vv-landing\vv-landing\packages\shared\components\demo-mode\banner.tsx
C:\Users\smitj\repos\vv\vv-landing\vv-landing\packages\shared\components\demo-mode\chatbot-guide.tsx
C:\Users\smitj\repos\vv\vv-landing\vv-landing\packages\shared\components\demo-mode\entry-modal.tsx
C:\Users\smitj\repos\vv\vv-landing\vv-landing\packages\shared\components\demo-mode\exit-modal.tsx
C:\Users\smitj\repos\vv\vv-landing\vv-landing\packages\shared\components\demo-mode\optimize-modal.tsx
C:\Users\smitj\repos\vv\vv-landing\vv-landing\packages\shared\components\demo-mode\portfolio-overview.tsx
C:\Users\smitj\repos\vv\vv-landing\vv-landing\packages\shared\components\demo-mode\rebalance-modal.tsx
C:\Users\smitj\repos\vv\vv-landing\vv-landing\packages\shared\components\demo\demo-guide.tsx
C:\Users\smitj\repos\vv\vv-landing\vv-landing\packages\shared\components\demo\liquidity-pools-table.tsx
C:\Users\smitj\repos\vv\vv-landing\vv-landing\packages\shared\components\demo\market-metrics.tsx
C:\Users\smitj\repos\vv\vv-landing\vv-landing\packages\shared\components\demo\market-trends.tsx
C:\Users\smitj\repos\vv\vv-landing\vv-landing\packages\shared\components\demo\risk-assessment-dashboard.tsx
C:\Users\smitj\repos\vv\vv-landing\vv-landing\packages\shared\components\demo\strategy-comparison.tsx
C:\Users\smitj\repos\vv\vv-landing\vv-landing\packages\shared\components\dynamic-imports\dashboard-imports.tsx
C:\Users\smitj\repos\vv\vv-landing\vv-landing\packages\shared\components\enhanced-corporate-landing.tsx
C:\Users\smitj\repos\vv\vv-landing\vv-landing\packages\shared\components\enhanced-hero.tsx
C:\Users\smitj\repos\vv\vv-landing\vv-landing\packages\shared\components\enhanced-landing-page.tsx
C:\Users\smitj\repos\vv\vv-landing\vv-landing\packages\shared\components\error-boundary-secure.tsx
C:\Users\smitj\repos\vv\vv-landing\vv-landing\packages\shared\components\error-boundary.tsx
C:\Users\smitj\repos\vv\vv-landing\vv-landing\packages\shared\components\error-boundary\default-error-fallback.tsx
C:\Users\smitj\repos\vv\vv-landing\vv-landing\packages\shared\components\error-boundary\error-boundary.tsx
C:\Users\smitj\repos\vv\vv-landing\vv-landing\packages\shared\components\error-boundary\error-fallback.tsx
C:\Users\smitj\repos\vv\vv-landing\vv-landing\packages\shared\components\error-boundary\index.tsx
C:\Users\smitj\repos\vv\vv-landing\vv-landing\packages\shared\components\error-boundary\styles.ts
C:\Users\smitj\repos\vv\vv-landing\vv-landing\packages\shared\components\ExperienceSelector.tsx
C:\Users\smitj\repos\vv\vv-landing\vv-landing\packages\shared\components\feature-error-state.tsx
C:\Users\smitj\repos\vv\vv-landing\vv-landing\packages\shared\components\flash-loan-explorer.tsx
C:\Users\smitj\repos\vv\vv-landing\vv-landing\packages\shared\components\flash-loan-simulator.tsx
C:\Users\smitj\repos\vv\vv-landing\vv-landing\packages\shared\components\global-theme-provider.tsx
C:\Users\smitj\repos\vv\vv-landing\vv-landing\packages\shared\components\google-api-integration.tsx
C:\Users\smitj\repos\vv\vv-landing\vv-landing\packages\shared\components\hero.tsx
C:\Users\smitj\repos\vv\vv-landing\vv-landing\packages\shared\components\heroes\alternative-hero.tsx
C:\Users\smitj\repos\vv\vv-landing\vv-landing\packages\shared\components\heroes\case-study-hero.tsx
C:\Users\smitj\repos\vv\vv-landing\vv-landing\packages\shared\components\heroes\newsletter-hero.tsx
C:\Users\smitj\repos\vv\vv-landing\vv-landing\packages\shared\components\heroes\product-feature-hero.tsx
C:\Users\smitj\repos\vv\vv-landing\vv-landing\packages\shared\components\historical-data-chart.tsx
C:\Users\smitj\repos\vv\vv-landing\vv-landing\packages\shared\components\historical-performance-chart.tsx
C:\Users\smitj\repos\vv\vv-landing\vv-landing\packages\shared\components\how-it-works.tsx
C:\Users\smitj\repos\vv\vv-landing\vv-landing\packages\shared\components\investor-roi.tsx
C:\Users\smitj\repos\vv\vv-landing\vv-landing\packages\shared\components\landing-page-toggle.tsx
C:\Users\smitj\repos\vv\vv-landing\vv-landing\packages\shared\components\landing-page.tsx
C:\Users\smitj\repos\vv\vv-landing\vv-landing\packages\shared\components\layout\dashboard-layout.tsx
C:\Users\smitj\repos\vv\vv-landing\vv-landing\packages\shared\components\market-opportunity.tsx
C:\Users\smitj\repos\vv\vv-landing\vv-landing\packages\shared\components\multi-chain-bridge.tsx
C:\Users\smitj\repos\vv\vv-landing\vv-landing\packages\shared\components\neural-network-visualization.tsx
C:\Users\smitj\repos\vv\vv-landing\vv-landing\packages\shared\components\performance-chart.tsx
C:\Users\smitj\repos\vv\vv-landing\vv-landing\packages\shared\components\pools-table.tsx
C:\Users\smitj\repos\vv\vv-landing\vv-landing\packages\shared\components\predictive-analytics.tsx
C:\Users\smitj\repos\vv\vv-landing\vv-landing\packages\shared\components\protocol-metrics.tsx
C:\Users\smitj\repos\vv\vv-landing\vv-landing\packages\shared\components\providers\SessionProvider.tsx
C:\Users\smitj\repos\vv\vv-landing\vv-landing\packages\shared\components\real-time-market-data.tsx
C:\Users\smitj\repos\vv\vv-landing\vv-landing\packages\shared\components\risk-assessment.tsx
C:\Users\smitj\repos\vv\vv-landing\vv-landing\packages\shared\components\robust-theme-toggle.tsx
C:\Users\smitj\repos\vv\vv-landing\vv-landing\packages\shared\components\rotating-stats.tsx
C:\Users\smitj\repos\vv\vv-landing\vv-landing\packages\shared\components\seo\structured-data.tsx
C:\Users\smitj\repos\vv\vv-landing\vv-landing\packages\shared\components\settings\api-keys-settings.tsx
C:\Users\smitj\repos\vv\vv-landing\vv-landing\packages\shared\components\settings\user-properties-updater.tsx
C:\Users\smitj\repos\vv\vv-landing\vv-landing\packages\shared\components\shared\index.ts
C:\Users\smitj\repos\vv\vv-landing\vv-landing\packages\shared\components\shared\version-aware-button.tsx
C:\Users\smitj\repos\vv\vv-landing\vv-landing\packages\shared\components\shared\version-aware-card.tsx
C:\Users\smitj\repos\vv\vv-landing\vv-landing\packages\shared\components\shared\version-aware-cta.tsx
C:\Users\smitj\repos\vv\vv-landing\vv-landing\packages\shared\components\shared\version-aware-heading.tsx
C:\Users\smitj\repos\vv\vv-landing\vv-landing\packages\shared\components\shared\version-aware-section.tsx
C:\Users\smitj\repos\vv\vv-landing\vv-landing\packages\shared\components\site-version-toggle.tsx
C:\Users\smitj\repos\vv\vv-landing\vv-landing\packages\shared\components\standard-landing-page-enhanced.tsx
C:\Users\smitj\repos\vv\vv-landing\vv-landing\packages\shared\components\standard-landing-page.tsx
C:\Users\smitj\repos\vv\vv-landing\vv-landing\packages\shared\components\strategy-builder.tsx
C:\Users\smitj\repos\vv\vv-landing\vv-landing\packages\shared\components\strategy-form.tsx
C:\Users\smitj\repos\vv\vv-landing\vv-landing\packages\shared\components\strategy-visualization.tsx
C:\Users\smitj\repos\vv\vv-landing\vv-landing\packages\shared\components\theme-debugger.tsx
C:\Users\smitj\repos\vv\vv-landing\vv-landing\packages\shared\components\theme-selector\ThemeSelector.module.css
C:\Users\smitj\repos\vv\vv-landing\vv-landing\packages\shared\components\theme-selector\ThemeSelector.tsx
C:\Users\smitj\repos\vv\vv-landing\vv-landing\packages\shared\components\theme-toggle-enhanced.tsx
C:\Users\smitj\repos\vv\vv-landing\vv-landing\packages\shared\components\tour\demo-tour-steps.tsx
C:\Users\smitj\repos\vv\vv-landing\vv-landing\packages\shared\components\tour\tour-button.tsx
C:\Users\smitj\repos\vv\vv-landing\vv-landing\packages\shared\components\tour\tour-context.tsx
C:\Users\smitj\repos\vv\vv-landing\vv-landing\packages\shared\components\tour\tour-preferences.tsx
C:\Users\smitj\repos\vv\vv-landing\vv-landing\packages\shared\components\tour\tour-steps.tsx
C:\Users\smitj\repos\vv\vv-landing\vv-landing\packages\shared\components\tour\use-tour-steps.tsx
C:\Users\smitj\repos\vv\vv-landing\vv-landing\packages\shared\components\ui\accessible-color-info.tsx
C:\Users\smitj\repos\vv\vv-landing\vv-landing\packages\shared\components\ui\accordion.tsx
C:\Users\smitj\repos\vv\vv-landing\vv-landing\packages\shared\components\ui\alert-dialog.tsx
C:\Users\smitj\repos\vv\vv-landing\vv-landing\packages\shared\components\ui\alert.tsx
C:\Users\smitj\repos\vv\vv-landing\vv-landing\packages\shared\components\ui\animated-gradient-border.tsx
C:\Users\smitj\repos\vv\vv-landing\vv-landing\packages\shared\components\ui\animated-text.tsx
C:\Users\smitj\repos\vv\vv-landing\vv-landing\packages\shared\components\ui\api-error-fallback.tsx
C:\Users\smitj\repos\vv\vv-landing\vv-landing\packages\shared\components\ui\api-loading-fallback.tsx
C:\Users\smitj\repos\vv\vv-landing\vv-landing\packages\shared\components\ui\aspect-ratio.tsx
C:\Users\smitj\repos\vv\vv-landing\vv-landing\packages\shared\components\ui\avatar.tsx
C:\Users\smitj\repos\vv\vv-landing\vv-landing\packages\shared\components\ui\badge.tsx
C:\Users\smitj\repos\vv\vv-landing\vv-landing\packages\shared\components\ui\breadcrumb.tsx
C:\Users\smitj\repos\vv\vv-landing\vv-landing\packages\shared\components\ui\button.tsx
C:\Users\smitj\repos\vv\vv-landing\vv-landing\packages\shared\components\ui\calendar.tsx
C:\Users\smitj\repos\vv\vv-landing\vv-landing\packages\shared\components\ui\card.tsx
C:\Users\smitj\repos\vv\vv-landing\vv-landing\packages\shared\components\ui\carousel.tsx
C:\Users\smitj\repos\vv\vv-landing\vv-landing\packages\shared\components\ui\chart.tsx
C:\Users\smitj\repos\vv\vv-landing\vv-landing\packages\shared\components\ui\checkbox.tsx
C:\Users\smitj\repos\vv\vv-landing\vv-landing\packages\shared\components\ui\collapsible.tsx
C:\Users\smitj\repos\vv\vv-landing\vv-landing\packages\shared\components\ui\color-transition.tsx
C:\Users\smitj\repos\vv\vv-landing\vv-landing\packages\shared\components\ui\command.tsx
C:\Users\smitj\repos\vv\vv-landing\vv-landing\packages\shared\components\ui\context-menu.tsx
C:\Users\smitj\repos\vv\vv-landing\vv-landing\packages\shared\components\ui\data-metric.tsx
C:\Users\smitj\repos\vv\vv-landing\vv-landing\packages\shared\components\ui\data-refresh-indicator.tsx
C:\Users\smitj\repos\vv\vv-landing\vv-landing\packages\shared\components\ui\data-viz-legend.tsx
C:\Users\smitj\repos\vv\vv-landing\vv-landing\packages\shared\components\ui\deep-space-background.tsx
C:\Users\smitj\repos\vv\vv-landing\vv-landing\packages\shared\components\ui\dialog.tsx
C:\Users\smitj\repos\vv\vv-landing\vv-landing\packages\shared\components\ui\drawer.tsx
C:\Users\smitj\repos\vv\vv-landing\vv-landing\packages\shared\components\ui\dropdown-menu.tsx
C:\Users\smitj\repos\vv\vv-landing\vv-landing\packages\shared\components\ui\early-access-button.tsx
C:\Users\smitj\repos\vv\vv-landing\vv-landing\packages\shared\components\ui\empty-state.tsx
C:\Users\smitj\repos\vv\vv-landing\vv-landing\packages\shared\components\ui\enhanced-button.tsx
C:\Users\smitj\repos\vv\vv-landing\vv-landing\packages\shared\components\ui\enhanced-cta.tsx
C:\Users\smitj\repos\vv\vv-landing\vv-landing\packages\shared\components\ui\enhanced-dark-button.tsx
C:\Users\smitj\repos\vv\vv-landing\vv-landing\packages\shared\components\ui\enhanced-dark-card.tsx
C:\Users\smitj\repos\vv\vv-landing\vv-landing\packages\shared\components\ui\enhanced-error-boundary.tsx
C:\Users\smitj\repos\vv\vv-landing\vv-landing\packages\shared\components\ui\error-boundary.tsx
C:\Users\smitj\repos\vv\vv-landing\vv-landing\packages\shared\components\ui\feature-card.tsx
C:\Users\smitj\repos\vv\vv-landing\vv-landing\packages\shared\components\ui\feature-clickable-card.tsx
C:\Users\smitj\repos\vv\vv-landing\vv-landing\packages\shared\components\ui\form.tsx
C:\Users\smitj\repos\vv\vv-landing\vv-landing\packages\shared\components\ui\gradient-button.tsx
C:\Users\smitj\repos\vv\vv-landing\vv-landing\packages\shared\components\ui\gradient-card.tsx
C:\Users\smitj\repos\vv\vv-landing\vv-landing\packages\shared\components\ui\gradient-heading.tsx
C:\Users\smitj\repos\vv\vv-landing\vv-landing\packages\shared\components\ui\gradient-text.tsx
C:\Users\smitj\repos\vv\vv-landing\vv-landing\packages\shared\components\ui\guided-tour.tsx
C:\Users\smitj\repos\vv\vv-landing\vv-landing\packages\shared\components\ui\hover-card.tsx
C:\Users\smitj\repos\vv\vv-landing\vv-landing\packages\shared\components\ui\input-otp.tsx
C:\Users\smitj\repos\vv\vv-landing\vv-landing\packages\shared\components\ui\input.tsx
C:\Users\smitj\repos\vv\vv-landing\vv-landing\packages\shared\components\ui\label.tsx
C:\Users\smitj\repos\vv\vv-landing\vv-landing\packages\shared\components\ui\loading.tsx
C:\Users\smitj\repos\vv\vv-landing\vv-landing\packages\shared\components\ui\logo-full.tsx
C:\Users\smitj\repos\vv\vv-landing\vv-landing\packages\shared\components\ui\logo-icon-only.tsx
C:\Users\smitj\repos\vv\vv-landing\vv-landing\packages\shared\components\ui\logo-path-only.tsx
C:\Users\smitj\repos\vv\vv-landing\vv-landing\packages\shared\components\ui\logo-text-only.tsx
C:\Users\smitj\repos\vv\vv-landing\vv-landing\packages\shared\components\ui\logo-with-text.tsx
C:\Users\smitj\repos\vv\vv-landing\vv-landing\packages\shared\components\ui\logo.tsx
C:\Users\smitj\repos\vv\vv-landing\vv-landing\packages\shared\components\ui\menubar.tsx
C:\Users\smitj\repos\vv\vv-landing\vv-landing\packages\shared\components\ui\navigation-menu.tsx
C:\Users\smitj\repos\vv\vv-landing\vv-landing\packages\shared\components\ui\pagination.tsx
C:\Users\smitj\repos\vv\vv-landing\vv-landing\packages\shared\components\ui\popover.tsx
C:\Users\smitj\repos\vv\vv-landing\vv-landing\packages\shared\components\ui\progress.tsx
C:\Users\smitj\repos\vv\vv-landing\vv-landing\packages\shared\components\ui\radio-group.tsx
C:\Users\smitj\repos\vv\vv-landing\vv-landing\packages\shared\components\ui\resizable.tsx
C:\Users\smitj\repos\vv\vv-landing\vv-landing\packages\shared\components\ui\scroll-area.tsx
C:\Users\smitj\repos\vv\vv-landing\vv-landing\packages\shared\components\ui\section-background.tsx
C:\Users\smitj\repos\vv\vv-landing\vv-landing\packages\shared\components\ui\section-header.tsx
C:\Users\smitj\repos\vv\vv-landing\vv-landing\packages\shared\components\ui\select.tsx
C:\Users\smitj\repos\vv\vv-landing\vv-landing\packages\shared\components\ui\separator.tsx
C:\Users\smitj\repos\vv\vv-landing\vv-landing\packages\shared\components\ui\sheet.tsx
C:\Users\smitj\repos\vv\vv-landing\vv-landing\packages\shared\components\ui\sidebar.tsx
C:\Users\smitj\repos\vv\vv-landing\vv-landing\packages\shared\components\ui\skeleton.tsx
C:\Users\smitj\repos\vv\vv-landing\vv-landing\packages\shared\components\ui\slider.tsx
C:\Users\smitj\repos\vv\vv-landing\vv-landing\packages\shared\components\ui\sonner.tsx
C:\Users\smitj\repos\vv\vv-landing\vv-landing\packages\shared\components\ui\space-background.tsx
C:\Users\smitj\repos\vv\vv-landing\vv-landing\packages\shared\components\ui\standard-button.tsx
C:\Users\smitj\repos\vv\vv-landing\vv-landing\packages\shared\components\ui\standard-card.tsx
C:\Users\smitj\repos\vv\vv-landing\vv-landing\packages\shared\components\ui\stat-card.tsx
C:\Users\smitj\repos\vv\vv-landing\vv-landing\packages\shared\components\ui\switch.tsx
C:\Users\smitj\repos\vv\vv-landing\vv-landing\packages\shared\components\ui\table.tsx
C:\Users\smitj\repos\vv\vv-landing\vv-landing\packages\shared\components\ui\tabs.tsx
C:\Users\smitj\repos\vv\vv-landing\vv-landing\packages\shared\components\ui\textarea.tsx
C:\Users\smitj\repos\vv\vv-landing\vv-landing\packages\shared\components\ui\theme-aware-background.tsx
C:\Users\smitj\repos\vv\vv-landing\vv-landing\packages\shared\components\ui\theme-aware-image.tsx
C:\Users\smitj\repos\vv\vv-landing\vv-landing\packages\shared\components\ui\theme-image-preloader.tsx
C:\Users\smitj\repos\vv\vv-landing\vv-landing\packages\shared\components\ui\theme-optimized-image.tsx
C:\Users\smitj\repos\vv\vv-landing\vv-landing\packages\shared\components\ui\theme-optimized-images.tsx
C:\Users\smitj\repos\vv\vv-landing\vv-landing\packages\shared\components\ui\themed-section.tsx
C:\Users\smitj\repos\vv\vv-landing\vv-landing\packages\shared\components\ui\toast.tsx
C:\Users\smitj\repos\vv\vv-landing\vv-landing\packages\shared\components\ui\toaster.tsx
C:\Users\smitj\repos\vv\vv-landing\vv-landing\packages\shared\components\ui\toggle-group.tsx
C:\Users\smitj\repos\vv\vv-landing\vv-landing\packages\shared\components\ui\toggle.tsx
C:\Users\smitj\repos\vv\vv-landing\vv-landing\packages\shared\components\ui\tooltip.tsx
C:\Users\smitj\repos\vv\vv-landing\vv-landing\packages\shared\components\ui\trusted-institutions.tsx
C:\Users\smitj\repos\vv\vv-landing\vv-landing\packages\shared\components\ui\use-toast.ts
C:\Users\smitj\repos\vv\vv-landing\vv-landing\packages\shared\components\ui\vault-background.tsx
C:\Users\smitj\repos\vv\vv-landing\vv-landing\packages\shared\components\ui\veritas-vault-logo.tsx
C:\Users\smitj\repos\vv\vv-landing\vv-landing\packages\shared\components\ui\virtualized-table-secure.tsx
C:\Users\smitj\repos\vv\vv-landing\vv-landing\packages\shared\components\ui\virtualized-table.module.css
C:\Users\smitj\repos\vv\vv-landing\vv-landing\packages\shared\components\ui\virtualized-table.tsx
C:\Users\smitj\repos\vv\vv-landing\vv-landing\packages\shared\components\unified-footer\components\BottomLinks.tsx
C:\Users\smitj\repos\vv\vv-landing\vv-landing\packages\shared\components\unified-footer\components\ContactSection.tsx
C:\Users\smitj\repos\vv\vv-landing\vv-landing\packages\shared\components\unified-footer\components\DemoBadge.tsx
C:\Users\smitj\repos\vv\vv-landing\vv-landing\packages\shared\components\unified-footer\components\index.ts
C:\Users\smitj\repos\vv\vv-landing\vv-landing\packages\shared\components\unified-footer\components\LinkGroups.tsx
C:\Users\smitj\repos\vv\vv-landing\vv-landing\packages\shared\components\unified-footer\components\LogoSection.tsx
C:\Users\smitj\repos\vv\vv-landing\vv-landing\packages\shared\components\unified-footer\components\NewsletterSection.tsx
C:\Users\smitj\repos\vv\vv-landing\vv-landing\packages\shared\components\unified-footer\index.tsx
C:\Users\smitj\repos\vv\vv-landing\vv-landing\packages\shared\components\unified-footer\types.ts
C:\Users\smitj\repos\vv\vv-landing\vv-landing\packages\shared\components\unified-footer\unified-footer.module.css
C:\Users\smitj\repos\vv\vv-landing\vv-landing\packages\shared\components\unified-header\index.tsx
C:\Users\smitj\repos\vv\vv-landing\vv-landing\packages\shared\components\unified-header\main-navigation.module.css
C:\Users\smitj\repos\vv\vv-landing\vv-landing\packages\shared\components\unified-header\main-navigation.tsx
C:\Users\smitj\repos\vv\vv-landing\vv-landing\packages\shared\components\unified-header\mobile-menu.module.css
C:\Users\smitj\repos\vv\vv-landing\vv-landing\packages\shared\components\unified-header\mobile-menu.tsx
C:\Users\smitj\repos\vv\vv-landing\vv-landing\packages\shared\components\unified-header\notifications-button.module.css
C:\Users\smitj\repos\vv\vv-landing\vv-landing\packages\shared\components\unified-header\notifications-button.tsx
C:\Users\smitj\repos\vv\vv-landing\vv-landing\packages\shared\components\unified-header\search-bar.module.css
C:\Users\smitj\repos\vv\vv-landing\vv-landing\packages\shared\components\unified-header\search-bar.tsx
C:\Users\smitj\repos\vv\vv-landing\vv-landing\packages\shared\components\unified-header\unified-header.module.css
C:\Users\smitj\repos\vv\vv-landing\vv-landing\packages\shared\components\unified-header\user-menu.module.css
C:\Users\smitj\repos\vv\vv-landing\vv-landing\packages\shared\components\unified-header\user-menu.tsx
C:\Users\smitj\repos\vv\vv-landing\vv-landing\packages\shared\components\version-selection\InitialThemeModal.tsx
C:\Users\smitj\repos\vv\vv-landing\vv-landing\packages\shared\components\waitlist-signup.tsx
C:\Users\smitj\repos\vv\vv-landing\vv-landing\packages\shared\hooks\use-toast.ts
C:\Users\smitj\repos\vv\vv-landing\vv-landing\packages\shared\types\voting.ts
C:\Users\smitj\repos\vv\vv-landing\vv-landing\src\components\features\analytics\analytics-dashboard.tsx
C:\Users\smitj\repos\vv\vv-landing\vv-landing\src\components\features\consumer\model-portfolio\index.ts
C:\Users\smitj\repos\vv\vv-landing\vv-landing\src\components\features\consumer\portfolio\allocation-chart.tsx
C:\Users\smitj\repos\vv\vv-landing\vv-landing\src\components\features\consumer\portfolio\assets-list.module.css
C:\Users\smitj\repos\vv\vv-landing\vv-landing\src\components\features\consumer\portfolio\index.ts
C:\Users\smitj\repos\vv\vv-landing\vv-landing\src\components\features\consumer\portfolio\portfolio-chart.tsx
C:\Users\smitj\repos\vv\vv-landing\vv-landing\src\components\features\consumer\portfolio\portfolio-overview.module.css
C:\Users\smitj\repos\vv\vv-landing\vv-landing\src\components\features\consumer\portfolio\portfolio-overview.tsx
C:\Users\smitj\repos\vv\vv-landing\vv-landing\src\components\layout\sidebar\CollapsibleSidebar.tsx
C:\Users\smitj\repos\vv\vv-landing\vv-landing\src\components\layout\sidebar\index.ts
C:\Users\smitj\repos\vv\vv-landing\vv-landing\src\components\layout\sidebar\types.ts
C:\Users\smitj\repos\vv\vv-landing\vv-landing\src\components\on-chain-data\chain-activity-chart.tsx
C:\Users\smitj\repos\vv\vv-landing\vv-landing\src\components\on-chain-data\liquidity-pools-table.tsx
C:\Users\smitj\repos\vv\vv-landing\vv-landing\src\components\on-chain-data\token-transfers-list.tsx
C:\Users\smitj\repos\vv\vv-landing\vv-landing\src\components\ui\badge\badge.tsx
C:\Users\smitj\repos\vv\vv-landing\vv-landing\src\components\ui\badge\index.ts
C:\Users\smitj\repos\vv\vv-landing\vv-landing\src\components\ui\button\button.tsx
C:\Users\smitj\repos\vv\vv-landing\vv-landing\src\components\ui\button\index.ts
C:\Users\smitj\repos\vv\vv-landing\vv-landing\src\components\ui\card\card.tsx
C:\Users\smitj\repos\vv\vv-landing\vv-landing\src\components\ui\card\index.ts
C:\Users\smitj\repos\vv\vv-landing\vv-landing\src\components\ui\dropdown-menu\dropdown-menu.tsx
C:\Users\smitj\repos\vv\vv-landing\vv-landing\src\components\ui\dropdown-menu\index.ts
C:\Users\smitj\repos\vv\vv-landing\vv-landing\src\components\ui\index.ts
C:\Users\smitj\repos\vv\vv-landing\vv-landing\src\components\ui\input\index.ts
C:\Users\smitj\repos\vv\vv-landing\vv-landing\src\components\ui\input\input.tsx
C:\Users\smitj\repos\vv\vv-landing\vv-landing\src\components\ui\progress\index.ts
C:\Users\smitj\repos\vv\vv-landing\vv-landing\src\components\ui\progress\progress.tsx
C:\Users\smitj\repos\vv\vv-landing\vv-landing\src\components\ui\skeleton\index.ts
C:\Users\smitj\repos\vv\vv-landing\vv-landing\src\components\ui\skeleton\skeleton.tsx
C:\Users\smitj\repos\vv\vv-landing\vv-landing\src\components\ui\switch\index.ts
C:\Users\smitj\repos\vv\vv-landing\vv-landing\src\components\ui\switch\switch.tsx
C:\Users\smitj\repos\vv\vv-landing\vv-landing\src\components\ui\table\index.ts
C:\Users\smitj\repos\vv\vv-landing\vv-landing\src\components\ui\table\table.tsx
C:\Users\smitj\repos\vv\vv-landing\vv-landing\src\components\ui\tabs\index.ts
C:\Users\smitj\repos\vv\vv-landing\vv-landing\src\components\ui\tabs\tabs.tsx
C:\Users\smitj\repos\vv\vv-landing\vv-landing\src\config\dashboards\admin\voting.tsx
C:\Users\smitj\repos\vv\vv-landing\vv-landing\src\config\dashboards\analytics\performance.tsx
C:\Users\smitj\repos\vv\vv-landing\vv-landing\src\config\dashboards\types.ts
C:\Users\smitj\repos\vv\vv-landing\vv-landing\src\constants\index.ts
C:\Users\smitj\repos\vv\vv-landing\vv-landing\src\contexts\dashboard\index.ts
C:\Users\smitj\repos\vv\vv-landing\vv-landing\src\lib\formatters.ts
C:\Users\smitj\repos\vv\vv-landing\vv-landing\src\lib\utils.ts
C:\Users\smitj\repos\vv\vv-landing\vv-landing\src\types\historical-data.ts
C:\Users\smitj\repos\vv\vv-landing\vv-landing\src\types\index.ts
C:\Users\smitj\repos\vv\vv-landing\vv-landing\src\types\theme-variants.ts
C:\Users\smitj\repos\vv\vv-landing\vv-landing\src\types\theme.ts
C:\Users\smitj\repos\vv\vv-landing\vv-landing\src\types\ui.ts
C:\Users\smitj\repos\vv\vv-landing\vv-landing\src\types\websocket-data.ts
C:\Users\smitj\repos\vv\vv-landing\vv-landing\styles\globals.css
C:\Users\smitj\repos\vv\vv-landing\vv-landing\styles\theme\index.ts
C:\Users\smitj\repos\vv\vv-landing\vv-landing\styles\theme\theme-utils.ts
C:\Users\smitj\repos\vv\vv-landing\vv-landing\styles\themes\corporate.css
C:\Users\smitj\repos\vv\vv-landing\vv-landing\styles\themes\veritasvault.css
C:\Users\smitj\repos\vv\vv-landing\vv-landing\types\allocation.ts
C:\Users\smitj\repos\vv\vv-landing\vv-landing\types\dashboard.ts
C:\Users\smitj\repos\vv\vv-landing\vv-landing\types\model.ts
C:\Users\smitj\repos\vv\vv-landing\vv-landing\types\twin.d.ts
C:\Users\smitj\repos\vv\vv-landing\vv-landing\types\voting.ts
C:\Users\smitj\repos\vv\vv-landing\vv-landing\types\websocket-data.ts
C:\Users\smitj\repos\vv\vv-landing\vv-landing\types\websocket-infrastructure.ts
C:\Users\smitj\repos\vv\vv-landing\vv-landing\types\websocket-simulation.ts
